ncl,clumptype,maxpix x,maxpix y,maxpix v,Npix,Nvox,COmax,meansigv,errsigv,ellipse a,ellipse b,ellipse R,errR,area,perimeter,mass from summing mom0
0,1,685,1613,24,85708,651579,23.88297844,88.28924046,4.253852874,243.070187,104.6352757,258.6399514,119.6793148,191104.8512,7364.584394,211303220
1,1,685,1613,24,83576,630057,23.88297844,88.1610775,4.233291156,242.1092651,104.0930657,257.45305,120.6515625,186351.0879,7295.896056,206487870
2,1,685,1613,24,78847,587640,23.88297844,86.08056042,4.080989029,242.6522206,104.4508622,258.1875727,97.65598839,175806.7415,6886.752479,197311620
3,1,685,1613,24,63612,439261,23.88297844,84.3185979,3.980114997,104.5765824,245.8979265,260.0736659,63.67138285,141836.9556,6373.08317,161456690
4,1,685,1613,24,36459,265169,23.88297844,84.18025859,3.988639409,180.5084694,82.82881113,197.9807454,74.1783094,81293.36548,4243.744697,114029690
5,1,685,1613,24,20201,169588,23.88297844,55.47404572,2.241269112,115.4979243,90.04435164,164.8334153,46.28291576,45042.57594,2245.810002,74384330
6,1,685,1613,24,37764,291388,23.88297844,84.34017971,3.991582475,100.8968883,259.6319923,262.5052523,125.217865,84203.15022,4079.489976,119704024
7,1,685,1613,24,18910,152400,23.88297844,55.53213942,2.24813051,114.6983195,87.14146968,161.5550024,45.64400232,42164.00727,2215.945507,69732930
8,1,685,1613,24,13724,114700,23.88297844,53.61908625,2.156529354,29.80472108,103.4261787,88.51572099,58.4469885,30600.67879,1523.08923,56476610
9,1,685,1613,24,11742,100846,23.88297844,51.83691166,2.064098804,29.5493301,102.0877332,87.52560699,58.90331929,26181.37353,1230.417182,52283110
10,1,685,1613,24,10489,79984,23.88297844,50.50987451,2.050139086,29.3831969,101.4333282,86.97763273,64.18840497,23387.53423,1122.905001,45606210
11,1,685,1613,24,36645,267128,23.88297844,84.22192404,3.994883119,182.0202599,82.86297381,198.8559317,69.48395812,81708.09342,4225.826001,114585896
12,1,508,1863,13,2260,16404,11.49380112,32.13302905,1.318036428,17.34489893,33.32378889,34.88578075,9.438434214,5039.167448,391.2248806,2912487.8
13,1,762,1669,13,4719,28663,19.6638546,52.56214927,2.547605858,56.43703613,15.32693757,44.44544469,38.81644039,10522.0492,863.0838969,10735976
14,2,680,1692,13,177,348,11.40903568,10.52656435,0.4829629635,6.453013095,8.428347483,nan,1.044062782,394.6604594,116.4715293,234778.78
15,1,1315,1341,43,137199,1070319,28.44033241,127.1486635,6.257979516,20.5790476,30.82268594,36.95662583,2.922308018,305915.3693,10536.19373,353444600
16,1,1315,1341,43,130294,1008204,28.44033241,126.9123926,6.193295716,20.70300229,30.87156659,37.12898616,7.591309774,290519.152,10371.93901,339489540
17,1,1315,1341,43,123302,975997,28.44033241,126.6338455,6.118473682,20.78015815,30.94112222,37.26492577,5.358114797,274928.949,9404.329382,332800100
18,1,1315,1341,43,113540,884562,28.44033241,125.0694638,6.092318217,20.39981385,30.83968278,36.77105912,11.01506121,253162.4213,8663.689913,310098720
19,1,1315,1341,43,109901,861827,28.44033241,124.8123486,6.032392763,20.50368034,30.81458178,36.86753153,7.860963776,245048.4698,8179.885099,304497150
20,1,1315,1341,43,107043,819044,28.44033241,124.9662538,6.061754967,20.25049798,30.81372847,36.58625897,10.58160329,238675.9297,8254.546336,293502720
21,1,1315,1341,43,84815,659858,28.44033241,123.5665892,5.838513513,19.67491575,30.68832288,35.84927328,6.733200808,189113.7111,6316.34063,245600930
22,1,1315,1341,43,83026,626545,28.44033241,123.498884,5.829242321,19.30968747,30.62379583,35.38731245,7.210611712,185124.7418,6570.188835,236540780
23,1,1315,1341,43,103404,774056,28.44033241,124.2777304,5.932468154,19.7766082,30.77322376,36.02573003,6.065427633,230561.9782,8173.9122,281508260
24,1,1119,1357,33,68302,484357,20.65579987,69.5154491,2.909962874,146.3521695,62.23576365,154.1337054,61.44672224,152294.3429,5187.46273,193006500
25,1,1119,1357,33,71380,505063,20.65579987,69.51554597,2.913317376,148.1743605,62.10210955,154.9339441,60.05278726,159157.4214,5509.999273,199302000
26,1,1119,1357,33,62280,424280,20.65579987,69.5786124,2.91606296,137.9660896,59.21386447,145.8645542,77.22224831,138866.9684,5136.693089,174706600
27,1,1315,1341,43,105187,788653,28.44033241,124.905241,6.045353093,19.92839007,30.78384736,36.20434494,9.688661331,234537.5692,8350.112719,285578270
28,1,1315,1341,43,132244,1027033,28.44033241,126.9652052,6.208231903,20.92134122,30.8680023,37.36542878,6.148465463,294867.1062,10312.21002,343848030
29,1,1315,1341,43,77734,583043,28.44033241,115.6694401,5.382558234,18.85631603,30.47857103,34.7611813,4.312700953,173325.063,6181.950404,223607710
30,1,1315,1341,43,115194,900584,28.44033241,125.114773,6.103743613,20.52694996,30.88512028,36.94503397,11.22034622,256850.3783,8902.605871,314246820
31,1,1315,1341,43,139297,1131450,28.44033241,127.6292349,6.402101276,20.75835003,30.82185943,37.1530624,2.472976678,310593.3221,10306.23712,368805280
32,2,663,1648,11,399,1153,11.08054829,14.17213283,0.6882409986,13.06325785,7.97519866,nan,5.746314468,889.6583238,152.308923,307089.47
33,1,762,1669,13,3738,22642,19.6638546,48.07194868,2.441974391,55.1496297,15.72030032,44.50372293,43.60744255,8334.69377,654.032434,9150815
34,2,762,1669,13,1758,7109,19.6638546,17.04006647,0.7226127439,27.70095815,17.06290657,30.63780446,12.71382693,3919.847953,340.4552396,5213297.5
35,1,685,1613,24,7551,42792,23.88297844,39.52478774,1.750564366,25.16315185,95.55197328,77.73666729,72.29888565,16836.61655,1078.108259,30649308
36,1,649,1708,14,1766,10026,16.21398735,33.67680882,1.664312849,13.73778146,28.23320011,26.73219974,14.9804782,3937.685714,391.2248806,6316667.5
37,2,649,1708,14,1499,8009,16.21398735,24.22130199,1.092349181,13.91699152,30.46241682,28.45973149,14.85298216,3342.350444,358.3739364,5209220.5
38,2,508,1863,13,886,3186,11.49380112,17.61109601,0.8381116524,9.002319129,18.22891939,11.10675727,7.29965451,1975.532017,271.7669018,666916.3
39,2,450,1910,13,441,950,6.78191185,8.681564565,0.3748017063,9.664607616,15.27067946,8.928335439,12.42775488,983.3065684,158.2818219,nan
40,2,474,1955,13,847,2359,7.256030083,12.28530527,0.5699743414,16.8144694,13.61551286,17.16616661,6.186723866,1888.572933,244.8888566,nan
41,1,1315,1341,43,127775,986862,28.44033241,126.7774609,6.154019994,20.83443477,30.96185785,37.33970735,5.048549749,284902.487,10425.6951,334557500
42,1,1119,1357,33,68692,486212,20.65579987,69.5192617,2.910931979,146.8797028,62.26376696,154.4500558,61.58511209,153163.9338,5223.300124,193627680
43,1,1315,1341,43,105460,794717,28.44033241,124.7971618,6.024520613,19.95250206,30.85753912,36.28499762,9.825295797,235146.2828,8311.288876,287161300
44,1,1119,1357,33,56873,385485,20.65579987,67.94110603,2.869734029,135.5955242,59.31115725,144.7080482,55.08915597,126810.8718,4760.400456,162108400
45,2,1268,1492,16,293,622,9.678583145,13.97494786,0.6404638324,9.887960269,6.055859103,nan,2.724670952,653.3079921,137.3766756,226405.94
46,1,1119,1357,33,53290,348109,20.65579987,67.96954219,2.872634812,137.4982888,59.98237089,146.5690529,59.79936329,118821.7846,4676.779871,150011900
47,1,1315,1341,43,89925,678551,28.44033241,124.1520515,5.947582479,19.68262881,30.68645149,35.85663836,6.965937391,200507.5809,6919.603423,248881360
48,1,1315,1341,43,126319,982205,28.44033241,126.6980198,6.135212199,20.80808561,30.94126609,37.29565497,4.99465096,281656.0145,10058.36182,333980260
49,2,1245,1502,12,283,365,7.321114063,5.157783707,0.1862915726,7.771969182,9.601626911,nan,2.520868496,631.0107911,146.336024,119447.45
50,2,1154,1802,13,648,669,8.305884361,nan,nan,22.88598392,8.623953663,14.53472625,7.13640259,1444.858631,250.8617555,nan
51,2,1137,1882,14,402,407,6.42744112,nan,nan,20.63468658,12.41034863,19.14175272,9.957592599,896.3474841,179.1869682,nan
52,1,1119,1357,33,50221,331529,20.65579987,63.07518418,2.72043197,136.2715754,59.04957629,144.7486829,61.70830023,111978.7736,4234.785349,144391170
53,1,1119,1357,33,53035,344472,20.65579987,63.05357845,2.721208059,136.1658841,59.70481257,145.5041003,70.14963089,118253.206,4685.739219,148779620
54,1,1119,1357,33,46639,290405,20.65579987,60.00990055,2.633780184,136.8726993,57.00001107,142.4946181,58.56817815,103991.9162,4500.579352,130053240
55,1,1119,1357,33,44010,280475,20.65579987,59.98325517,2.627473694,136.7034714,57.16218326,142.6106858,62.8892113,98129.98203,3918.221705,126827336
56,1,1119,1357,33,38286,215260,20.65579987,59.95330252,2.612596281,137.6638277,53.88051505,138.8853275,69.78581139,85367.06412,3745.007636,102521140
57,1,1119,1357,33,37211,208325,20.65579987,59.79687584,2.586507716,136.2536024,53.48003201,137.6378307,40.50786135,82970.115,3556.861319,99385790
58,1,685,1613,24,4812,23150,23.88297844,29.98408325,1.197253936,21.40987463,39.76120906,44.0355851,10.66106787,10729.41317,758.5581655,19667894
59,2,1311,1547,17,1476,3826,11.40763378,11.74856373,0.5030019504,37.85903872,15.19454657,34.78159885,16.94025468,3291.066882,382.2655322,1502560
60,1,1338,1596,18,1179,3112,11.04652882,13.20538472,0.5061558614,13.00781985,30.03475871,26.87146581,9.127935567,2628.840009,352.4010375,nan
61,2,1338,1596,18,701,1810,11.04652882,13.09224622,0.4843183882,14.33789401,12.3726867,12.58936289,3.068349124,1563.033797,215.0243619,nan
62,2,1151,1655,17,1098,1984,9.007079124,8.129903691,0.2659494495,12.44708344,20.70743759,19.25622973,10.85205008,2448.23268,340.4552396,nan
63,2,633,1668,18,253,389,8.302096367,7.238405571,0.3640026722,6.345557104,8.307349867,nan,1.435528955,564.1191878,128.4173272,74317.57
64,2,1169,1888,18,884,1414,6.854310989,8.662650751,0.3718183478,11.13972124,22.83401479,19.02272958,13.4330251,1971.072577,244.8888566,nan
65,2,1213,1418,22,558,1419,8.346806526,15.82179492,0.7464104317,28.84472919,7.09881611,15.19211942,11.18769869,1244.183821,232.9430587,359938.72
66,2,562,1934,18,1336,2669,6.501004696,15.8980205,0.7661657991,18.94410131,9.010884645,11.86596302,9.127143,2978.906067,427.0622743,nan
67,2,1355,1467,19,287,646,9.031352043,6.468455771,0.1956504918,11.65991315,8.182675967,nan,3.589012334,639.9296715,116.4715293,265477.75
68,1,1119,1357,33,32626,162616,20.65579987,41.94744905,1.958128002,139.5223027,56.89617446,143.7550101,68.0589901,72746.8483,3320.931811,80940184
69,1,1119,1357,33,29709,142943,20.65579987,41.91830238,1.950296325,137.2305092,54.09871188,138.9480576,36.24941686,66242.75474,3311.972463,72822910
70,1,1276,1478,24,2282,8000,16.90164375,21.84819046,0.9015456763,19.96015285,23.10596798,30.13956095,7.101922298,5088.22129,480.8183647,5931961
71,1,1119,1357,33,28195,132993,20.65579987,41.91252331,1.94892553,130.9434989,50.46008177,130.9537508,35.25235299,62866.95849,3267.175721,68559710
72,2,1279,1432,20,371,827,14.56726551,6.721457572,0.2414751708,8.458678107,12.5634497,nan,5.371854355,827.2261607,140.3631251,501716.94
73,1,1364,1492,25,698,2222,9.610725403,19.15124371,0.8812716952,12.48830004,7.661096164,nan,7.862592729,1556.344637,262.8075534,825121.06
74,2,1378,1489,22,310,667,8.543329239,8.669166716,0.3711821901,18.40534697,6.295110457,nan,74.68787227,691.213234,164.2547209,196415.48
75,2,1276,1478,24,1798,6579,16.90164375,16.89296907,0.6879665066,19.54747853,22.72734857,29.38777721,7.195454221,4009.036757,394.2113301,5120415.5
76,2,1344,1638,20,230,392,7.04018116,5.128219939,0.1775853,5.578518017,12.77999698,nan,4.359464444,512.8356252,128.4173272,nan
77,2,811,1685,28,793,4372,15.19547939,29.15462388,1.266637559,15.22941197,10.69713334,10.96410938,6.915652345,1768.168047,235.9295082,nan
78,2,1220,1609,23,1748,4985,10.31597042,13.94297052,0.629504314,22.15096774,14.69805027,23.4527221,9.70351269,3897.550752,358.3739364,nan
79,2,750,1632,23,204,466,9.711098671,8.58911953,0.3538581262,6.444307293,8.439564914,nan,1.016514391,454.8629024,116.4715293,162356.6
80,2,514,1900,21,250,516,10.26200867,6.987163901,0.2985141232,8.061081635,8.481987071,nan,1.165158468,557.4300274,122.4444283,150003.08
81,2,1822,290,25,4761,15760,6.741754532,34.13604453,1.761639766,17.08944362,21.73010302,25.90357848,9.043985684,10615.69744,785.4362107,nan
82,1,1822,290,25,8557,26973,6.741754532,34.15035718,1.761772617,17.08148005,21.74649516,25.90903289,9.138346016,19079.71498,1299.10552,nan
83,1,1119,1357,33,26060,120941,20.65579987,37.99002765,1.688431813,46.32116609,89.39422359,103.1082953,46.2201301,58106.50606,3028.259763,60810244
84,2,685,1613,24,1709,6435,23.88297844,15.46434609,0.6936292448,20.98140674,21.7189017,29.89724976,2.071610996,3810.591668,456.926769,8952819
85,2,1458,1742,25,2624,6273,8.888460159,13.76562238,0.6094295619,23.24156164,64.09722881,60.21718882,22.09939691,5850.785568,743.6259181,nan
86,2,634,1708,24,502,1607,13.30575275,12.28047088,0.5641717836,9.558607078,16.23994279,9.995943949,6.963556891,1119.319495,182.1734177,904218
87,1,1119,1357,33,20229,98182,20.65579987,34.91019095,1.623448052,47.98870255,93.1779213,107.2613447,45.41712762,45105.0081,2048.704337,48125620
88,1,1119,1357,33,17564,78084,20.65579987,34.97611825,1.640586532,43.10922481,85.08912288,96.86191613,42.22223004,39162.80401,2233.864204,39097024
89,1,1119,1357,33,9309,37285,20.65579987,31.48599411,1.46663185,40.54603584,73.54268214,86.99933282,28.5198361,20756.4645,1618.655613,19422288
90,1,1119,1357,33,8729,35726,20.65579987,31.46264032,1.461430343,40.55267071,73.6598367,87.07885436,26.98889848,19463.22684,1430.509296,18685060
91,1,1119,1357,33,11305,47380,20.65579987,33.33682887,1.578968951,37.15384089,79.41536546,86.52303379,45.75086306,25206.98584,1812.774828,24438022
92,1,1119,1357,33,5279,19541,20.65579987,30.00091197,1.444608495,40.13668069,28.55565196,52.1365688,15.73767447,11770.69246,961.6367295,10293094
93,2,1119,1357,33,3611,12667,20.65579987,30.04146467,1.457034393,39.43513416,27.89035618,50.95058724,18.35631596,8051.519316,701.8156255,7022990.5
94,2,1198,1553,26,792,1246,7.858875275,7.31708442,0.3848306905,15.80364338,13.19551249,15.51683162,12.63738603,1765.938327,292.6720481,nan
95,2,1536,2064,24,286,419,6.567413807,5.066029924,0.1661328848,6.408507922,13.14282574,nan,8.16567019,637.6999514,137.3766756,nan
96,1,576,1488,40,9069,27834,9.499456406,35.46667957,1.750130678,40.15883008,99.54722581,101.2575033,35.67160081,20221.33168,1317.024216,nan
97,2,1169,1434,30,1465,6362,19.24252319,22.5242287,1.018117401,21.23405114,20.35110517,28.83748249,2.399049138,3266.539961,340.4552396,3726635
98,2,1364,1492,25,324,956,9.610725403,10.35316046,0.4535177731,12.32946336,8.328039536,nan,10.29210153,722.4293156,134.3902262,422113.16
99,2,1413,1491,29,988,3224,12.03242302,14.62997715,0.5716631174,20.24728218,11.31016324,17.17097175,3.797430331,2202.963468,241.9024071,nan
100,2,1557,795,29,423,759,6.451182365,12.51248665,0.6272925732,4.775965223,15.88305172,nan,10.04274306,943.1716064,179.1869682,nan
101,2,556,1384,29,2221,6493,8.476506233,19.13625959,0.8896058481,19.90971516,28.87699017,34.76950698,8.239271788,4952.208364,430.0487237,nan
102,1,564,1821,37,15181,80921,10.98528385,48.32112725,2.142942264,86.87030135,72.53973197,127.8306091,28.88443261,33849.38099,2018.839842,nan
103,1,1059,445,40,128846,838179,17.75162125,81.32640709,3.706531436,133.6964791,380.5208928,366.2207845,304.1412451,287290.5173,11238.00936,249786990
104,2,509,1353,28,605,1434,6.857194424,10.29279966,0.4314577789,12.75549136,15.40215399,14.45217256,5.137185681,1348.980666,197.105665,nan
105,2,1339,1369,27,357,578,9.447940826,4.999439401,0.1523447971,15.69695502,8.210798686,5.504689076,11.01645553,796.0100792,131.4037767,242264.02
106,2,1341,1522,26,408,656,9.700159073,5.374184457,0.2396208677,8.85301402,14.12587909,4.492977893,20.26010315,909.7258048,182.1734177,197121.64
107,2,1369,1530,28,837,1648,9.984892845,10.31383222,0.4321526216,11.74027035,14.93018506,12.36553629,6.093032653,1866.275732,262.8075534,nan
108,2,663,1646,28,413,685,16.1119175,6.997690107,0.3002978561,6.764254873,14.47475715,nan,14.73573708,920.8744053,203.078564,692148.5
109,2,674,1719,28,261,705,7.804933548,10.36439864,0.4445816934,7.865069031,13.12997937,nan,6.095202722,581.9569486,137.3766756,182141.47
110,1,564,1821,37,8387,42201,10.98528385,39.96037641,1.824582473,30.22972184,56.26493218,64.68425056,22.96826452,18700.66256,934.7586842,nan
111,1,564,1821,37,10237,49242,10.98528385,40.13441156,1.860726716,30.88973825,77.15437613,77.37705393,24.1187417,22825.64476,1281.186823,nan
112,1,1059,445,40,115437,694116,17.75162125,75.08989108,3.526830521,125.2415941,361.9534619,345.6471516,323.0955229,257392.2003,11629.23424,218746700
113,1,1059,445,40,114929,692556,17.75162125,75.08900988,3.526386758,124.8624379,361.8596565,345.0773472,323.1704127,256259.5025,11494.84401,218405300
114,1,1419,754,35,13051,37681,8.804850578,29.40819343,1.31182264,97.77898626,84.13429579,146.3804736,36.46577041,29100.07715,2565.360095,6275357
115,1,1419,754,35,14704,41986,8.804850578,29.41059809,1.31331185,97.81652178,84.61951759,146.8366472,35.80596067,32785.80449,2702.736771,nan
116,1,1419,754,35,7470,21516,8.804850578,22.44221254,0.989516091,29.76753001,83.26102128,78.98576606,23.34838807,16656.00922,1337.929363,nan
117,2,1447,838,30,826,1611,6.758997917,8.706970947,0.3908586091,11.02050958,21.40750204,17.69551815,7.830708831,1841.748811,244.8888566,nan
118,2,1132,1395,29,430,850,16.215065,8.689821125,0.3803908226,14.63871419,10.58832663,9.965266871,9.951153323,958.7796472,164.2547209,350938.94
119,2,1235,1450,29,751,1136,12.6860714,7.056948668,0.3154107639,27.48818173,9.216686512,18.95213162,6.088054501,1674.519802,289.6855986,733309.2
120,1,1338,1463,30,5043,16120,17.9478054,18.82154215,0.8039967517,64.81061476,40.75723746,81.66716234,25.70909906,11244.47851,967.6096284,9714163
121,1,1338,1463,30,3942,12469,17.9478054,18.79808778,0.7977644262,28.65538989,52.815702,60.73570347,26.05021437,8789.556673,686.8833782,7914928.5
122,1,1185,1497,35,1547,3886,11.33988953,19.30939112,0.9037881024,39.67406706,14.03012305,34.06702124,23.89023177,3449.37701,367.3332849,nan
123,2,1177,1506,27,612,1121,11.24817562,7.044296779,0.3135384475,11.49827973,10.17978196,nan,33.59251462,1364.588707,194.1192156,nan
124,2,1789,303,36,3988,11018,6.730285645,20.88243798,0.9584820682,51.09561056,32.67028814,64.03629091,25.74600853,8892.123798,752.5852665,nan
125,1,1059,445,40,103418,601433,17.75162125,73.73767816,3.530630207,108.5279666,358.7113908,320.2454685,60.85640746,230593.1943,11019.99855,198465800
126,1,1059,445,40,97608,569830,17.75162125,73.68164791,3.518951154,106.474604,358.3990555,317.0536583,67.60711547,217638.5205,9959.808984,190930000
127,1,1059,445,40,79807,508391,17.75162125,73.63188132,3.532998477,106.2956372,357.2774073,316.2886332,65.61224649,177947.2728,7280.963809,172184300
128,1,1059,445,40,44565,284727,17.75162125,71.56675652,3.439026626,62.19982245,105.459286,130.469894,55.71908125,99367.47669,3986.910043,118951640
129,1,1059,445,40,82963,526679,17.75162125,73.66383891,3.534756457,106.7674121,358.1727634,317.3901002,60.50499646,184984.2695,7803.592466,176669070
130,2,1130,1456,30,697,1250,11.12545395,7.079281722,0.3194801631,13.48796215,10.7009105,8.433455127,3.706353158,1554.114916,244.8888566,432728.97
131,2,1338,1463,30,1189,2422,17.9478054,12.13874289,0.5371182869,15.68026565,25.27109196,27.14397629,7.554704438,2651.13721,337.4687901,1873289.1
132,2,1158,1487,30,893,1653,11.26163197,8.823558326,0.4062766772,26.99940849,12.39468247,23.95838903,6.069416093,1991.140058,277.7398007,571146.7
133,2,1228,1676,30,267,462,7.439411163,5.413434552,0.2513444072,8.411172139,9.952670175,nan,1.562781294,595.3352693,119.4579788,nan
134,2,1299,1691,29,638,1129,6.627342701,6.894272713,0.2803851664,7.966898464,17.62146592,7.790953546,19.17216539,1422.56143,212.0379124,nan
135,2,344,2106,29,501,873,6.522288799,5.115958557,0.1747808405,12.01980012,21.13139218,18.99705304,9.79881159,1117.089775,206.0650135,nan
136,1,1059,445,40,41292,259584,17.75162125,70.36978832,3.481307591,62.56614586,104.9039325,130.5092377,42.80125587,92069.60277,3646.454803,112102510
137,1,1059,445,40,29481,191564,17.75162125,70.37313824,3.481697586,64.30876867,101.7532415,130.3085513,44.30610313,65734.37855,2484.725959,91300050
138,1,1059,445,40,28945,182445,17.75162125,70.36470871,3.480419237,66.57209608,108.6183362,137.1002318,48.75774966,64539.24858,2478.75306,88605820
139,1,1059,445,40,27195,160051,17.75162125,67.36774831,3.457744268,72.20792313,95.99182796,134.1822556,46.33926511,60637.23838,2430.969869,82244430
140,1,1059,445,40,25673,140428,17.75162125,65.63610114,3.390680067,70.02310153,97.66611408,133.2685115,43.31417784,57243.60438,2553.414297,75942320
141,1,1459,621,36,10992,27604,16.79867172,19.9696771,0.79572015,13.05974966,18.39630033,18.01586587,7.532998212,24509.08345,1663.452355,12273777
142,1,1459,621,36,9762,24693,16.79867172,17.36324235,0.8131987378,12.97393415,18.310431,17.81730119,5.824309113,21766.52771,1406.617701,11433687
143,1,1459,621,36,5376,13169,16.79867172,17.17243088,0.8023372187,11.91877917,17.89864843,15.91968932,3.67780472,11986.97531,1101.999855,7440420.5
144,1,1459,621,36,4116,10320,16.79867172,17.1752771,0.802966623,11.56521623,17.59314835,15.07909163,6.460545168,9177.527972,875.0296948,nan
145,1,1315,1341,43,6248,73389,28.44033241,78.01891923,3.799601544,18.79286766,30.42303355,34.64782896,3.744705366,13931.29125,845.1652001,22991954
146,2,1378,1401,36,1711,5651,12.75290108,15.32663259,0.6424814949,20.07768,32.38806545,37.52340109,14.94674898,3815.051108,382.2655322,nan
147,1,1537,1651,33,8780,26310,11.22581196,20.54986186,0.9140448337,30.6824192,87.92997804,82.57458235,38.45195796,19576.94256,1212.498485,nan
148,1,1537,1651,33,7121,20000,11.22581196,16.65977408,0.6349790231,30.01416226,80.60056114,77.98727914,25.9101756,15877.8369,1128.8779,nan
149,2,292,2130,31,1387,3053,6.683748722,8.531181417,0.3416382265,11.94288525,30.69399262,25.6585951,9.260285605,3092.621792,316.5636439,nan
150,1,1059,445,40,22311,115208,17.75162125,45.50771931,1.970647401,68.96451075,97.77806299,132.3166942,44.22486878,49747.28537,2386.173127,67964920
151,1,1059,445,40,18020,82730,17.75162125,31.37534842,1.178999194,77.39457516,44.89109673,94.18145171,27.14830355,40179.55638,2323.457688,56080530
152,1,1357,441,37,12739,39438,10.92811966,20.43666541,0.8706309619,107.0613725,26.16015511,84.20389041,77.72513185,28404.40448,1782.910334,nan
153,1,1357,441,37,10315,31446,10.92811966,20.33154687,0.849591441,112.2820127,24.11493848,82.73074288,93.7937687,22999.56293,1412.590599,nan
154,2,1175,479,37,1851,4471,8.576693535,15.75506806,0.7365296855,12.60690535,29.03004133,25.62789613,9.206675551,4127.211923,453.9403195,957532.25
155,2,1459,621,36,849,2498,16.79867172,15.17920619,0.6315655641,9.38396876,14.59133809,7.179585872,7.270492814,1893.032373,274.7533513,nan
156,1,1488,712,38,4148,12379,8.383357048,23.90695101,1.026905094,28.16416207,40.54327104,52.02845901,14.00434871,9248.879015,848.1516496,nan
157,1,1315,1341,43,5079,53660,28.44033241,75.71427327,3.828878224,17.45544526,29.32247109,32.28307632,11.28150413,11324.74844,698.8291761,17773364
158,1,1315,1341,43,3179,30655,28.44033241,67.91378297,3.146986637,15.63151041,26.45793156,27.974292,10.7393695,7088.280229,561.4525004,10243379
159,1,1315,1341,43,3337,31988,28.44033241,68.18246697,3.197688038,15.73527552,26.37503855,28.04226844,11.48585117,7440.576006,585.3440962,10561918
160,2,1315,1341,43,2340,23652,28.44033241,46.54494754,1.485983088,15.3147816,22.69349776,24.65932871,2.105636314,5217.545057,415.1164764,nan
161,2,1106,1419,32,545,1286,13.64456749,8.738260129,0.3856215698,10.26262769,16.03793892,11.16475536,4.315512076,1215.19746,197.105665,608626.75
162,2,1583,1648,34,2490,4370,8.473051071,12.34085621,0.5815564653,14.67941154,47.22553184,39.00687748,30.85018003,5552.003073,567.4253994,nan
163,2,1537,1651,33,2896,8174,11.22581196,13.61937892,0.563990764,26.3466904,43.28397508,51.99092004,19.57948294,6457.269438,498.7370615,nan
164,2,572,1722,31,752,1397,7.87610817,6.898437459,0.2794198647,9.300932395,16.77730967,10.1028789,12.81181475,1676.749523,289.6855986,414969.84
165,1,1059,445,40,16078,73806,17.75162125,29.89756021,1.149993844,76.58250059,43.75021645,92.4280948,31.82203951,35849.43992,2138.297821,52420250
166,1,1059,445,40,12226,57389,17.75162125,26.79319717,1.058567227,71.76768067,47.9851019,93.75194669,27.95266684,27260.55806,1511.143432,45078504
167,2,1357,441,37,5220,14799,10.92811966,18.71326771,0.7913801801,56.77422313,21.18070385,53.54644058,35.07584113,11639.13897,863.0838969,nan
168,2,1390,683,32,971,1356,7.891140938,5.152041522,0.1829914071,18.87032142,13.72292492,19.33898814,6.816757198,2165.058227,280.7262502,nan
169,2,1419,754,35,5004,13878,8.804850578,13.84827279,0.6119732126,60.7257822,24.9364738,60.75380665,34.7465253,11157.51943,872.0432453,2335307.8
170,1,1419,754,35,6115,16872,8.804850578,15.47917892,0.6726481971,28.07298193,79.73375571,74.86183179,26.5273268,13634.73847,1158.742394,2318623.2
171,2,1463,766,33,1744,2624,6.86286211,10.37798641,0.4525351552,34.73795672,18.76444819,37.57833598,14.28671643,3888.631871,459.9132184,nan
172,2,1439,816,35,1111,2657,6.682432652,15.78973098,0.737742419,8.816210089,12.90212442,nan,7.959774802,2477.219042,364.3468354,nan
173,2,1067,1279,33,2282,7376,11.92808056,21.21568955,1.037431881,34.77615924,22.64534853,42.07903304,12.76504291,5088.22129,495.7506121,nan
174,2,1322,1404,33,546,1010,16.20562172,6.895974963,0.277422435,10.67175189,13.34497589,8.12723499,3.007351743,1217.42718,191.1327661,764395.1
175,2,1256,1440,33,620,796,11.75071812,7.045511741,0.3124767401,22.53602425,8.522761288,14.04484705,6.930238524,1382.426468,238.9159576,379756.12
176,1,1136,408,38,4615,21116,16.7163372,21.93806389,0.8912967974,29.81416081,41.63516471,54.49535105,15.88643442,10290.15831,851.138099,19656262
177,2,1425,597,33,360,473,9.066653252,nan,nan,9.179895621,12.44472536,nan,18.60845578,802.6992395,134.3902262,nan
178,2,1007,1056,37,1305,5787,10.86074257,14.9944734,0.5826901399,23.13849189,14.42837807,23.91433282,2.048875143,2909.784743,262.8075534,nan
179,2,1252,1393,35,486,840,10.5515976,8.849531639,0.4135013492,13.2812698,8.262373399,nan,9.036611844,1083.643973,182.1734177,nan
180,2,1281,1447,35,668,1387,12.19391537,10.50163699,0.4758706931,21.55755066,9.065608022,14.35772821,16.41366694,1489.453033,238.9159576,663727.56
181,1,661,1627,39,22310,92658,13.64036179,30.59512503,1.273779361,29.47582624,128.3317867,98.41207786,70.9396301,49745.05565,2783.370906,nan
182,2,705,1458,36,2025,6441,9.495109558,18.76418572,0.7954356681,34.09418893,19.65443637,38.2150482,14.30579104,4515.183222,462.8996679,nan
183,1,576,1488,40,5299,14366,9.499456406,20.71055761,0.909517181,28.26907705,69.6183127,69.92864789,14.94368075,11815.28686,925.7993358,1518043.9
184,2,634,1802,34,928,2179,10.82126331,8.603313396,0.3614503494,18.71076302,14.96171801,20.72335018,2.487489407,2069.180262,265.7940029,nan
185,1,564,1821,37,5577,16800,10.98528385,26.79300274,1.350714699,28.58443583,26.39411055,41.02798359,13.47176919,12435.14905,943.7180326,nan
186,2,526,1897,38,1797,6335,9.231685638,19.26741081,0.8985902858,26.34267414,15.48832082,27.70980822,13.72080355,4006.807037,346.4281386,nan
187,2,324,2066,39,11820,37465,6.823448181,22.75216843,1.062627551,76.87012018,36.95695378,84.83141018,30.05499781,26355.2917,1821.734177,nan
188,2,1398,530,35,3156,6744,11.19673824,8.133290286,0.2724979312,50.70992208,23.2638277,52.98062149,13.17733157,7036.996666,513.6693089,nan
189,2,1408,616,33,404,420,9.851797104,nan,nan,10.08399182,18.92928278,13.93279516,14.29873222,900.8069243,185.1598672,nan
190,2,1444,716,35,514,866,6.95834589,6.909810874,0.2818380026,11.88314115,16.99319397,14.94390302,5.226585786,1146.076136,203.078564,nan
191,1,1192,916,59,34713,211332,11.77851391,64.07858244,3.201124847,146.6448199,66.83709598,159.9633836,32.9688219,77400.27417,3559.847769,50154260
192,2,922,1314,33,644,1145,6.507423401,5.332683103,0.2263769394,11.35580827,20.95547523,17.84753174,9.263121996,1435.939751,215.0243619,nan
193,2,1133,1317,35,597,1756,13.3902626,16.0178866,0.7869329864,10.57065666,11.64071808,3.858079563,6.510353902,1331.142906,215.0243619,1004721.5
194,2,977,1308,35,747,1138,6.989174366,8.546757165,0.346567639,9.398230374,15.536251,8.692627095,6.161334784,1665.600922,250.8617555,nan
195,2,576,1488,40,1985,3982,9.499456406,16.09227047,0.8104451863,25.21086728,48.6426617,54.13062292,25.45356542,4425.994418,680.9104792,522246.62
196,2,1185,1497,35,473,1014,11.33988953,7.145380319,0.3365717705,9.053717545,13.1067443,1.815856176,28.33387702,1054.657612,170.2276198,394952.9
197,2,1506,440,35,1304,2470,6.763423443,6.932088067,0.2855182247,20.73968794,13.69606691,20.98355008,7.987494022,2907.555023,301.6313965,nan
198,2,1440,452,38,2253,4837,8.633030891,11.9175549,0.486301203,22.93128823,12.91795468,21.73649574,11.6923086,5023.559407,516.6557584,nan
199,2,1131,469,37,1025,2886,15.72673416,12.14696585,0.5378191976,12.42974551,25.45502353,22.92994592,6.159237393,2285.463112,259.8211039,3680793.2
200,2,1118,516,35,1476,2777,9.677761078,12.27924433,0.566507635,26.20265592,10.40068725,20.24480713,18.27504715,3291.066882,441.9945216,1403383
201,2,1488,712,38,2647,7560,8.383357048,15.56496378,0.6883678092,33.00205039,23.214119,41.40152375,15.35760408,5902.06913,504.7099605,nan
202,1,999,817,42,3392,15583,11.17908478,24.20187464,1.074302033,20.68236009,39.29889985,42.8652832,22.80122279,7563.210612,516.6557584,3094628.5
203,1,1103,954,38,14324,36725,11.93094254,16.98642474,0.6991776738,90.59089717,32.86868767,86.93461125,28.38316006,31938.51085,2401.105374,nan
204,1,1103,954,38,12528,31152,11.93094254,15.47381821,0.6647619879,88.25732983,31.60430646,84.02435344,39.67436685,27933.93353,2239.837103,nan
205,1,1103,954,38,11314,27791,11.93094254,15.46586781,0.6633601884,90.57039882,31.70719692,85.31048862,50.73762329,25227.05332,2114.406225,nan
206,1,1103,954,38,6253,16019,11.93094254,15.20401184,0.6113310246,44.0777512,54.18884908,77.46654316,24.52694173,13942.43985,1320.010666,nan
207,1,1103,954,38,5498,14576,11.93094254,13.57737611,0.5530695574,44.05112634,53.76605603,77.12354017,24.39699437,12259.00116,1140.823698,nan
208,2,1645,1639,36,1188,2582,7.591480732,8.604869646,0.3612605654,10.74071873,26.95855037,21.32715982,15.49647993,2648.90749,307.6042954,nan
209,1,661,1627,39,17476,68045,13.64036179,25.75982285,1.117088954,32.70123924,79.96285773,81.23542128,31.79843038,38966.58864,2335.403486,22795226
210,1,661,1627,39,16186,61197,13.64036179,25.73584988,1.111909312,32.6323579,79.34886345,80.81891672,20.85072043,36090.2497,2365.267981,20952134
211,1,661,1627,39,14919,56102,13.64036179,25.69749941,1.104771001,32.77801905,80.30598291,81.51769716,21.9564937,33265.19432,2201.01326,19543358
212,2,1169,2218,40,5599,11471,6.361675739,22.65634039,1.041071347,22.5960241,113.0764545,80.25686506,100.882991,12484.20289,1367.793857,nan
213,2,1136,408,38,1581,5887,16.7163372,13.90476597,0.6260999444,28.70187254,17.72249807,32.15316908,8.611975567,3525.187493,364.3468354,7033522
214,2,1243,450,36,435,684,6.44726181,5.160363146,0.1875369807,12.57606405,13.37039941,11.57786357,2.671794416,969.9282477,206.0650135,nan
215,2,1219,536,40,1942,4985,7.918707371,15.69600796,0.7175733129,14.81294765,26.75177076,27.14471341,14.05655421,4330.116453,453.9403195,nan
216,2,999,817,42,1314,4188,11.17908478,19.47602804,0.9427532369,15.10361336,26.93156293,27.650629,15.14555463,2929.852224,286.6991492,971313.8
217,1,1192,916,59,24237,121988,11.77851391,59.29588918,3.069835476,31.76359022,66.61515913,72.66908988,35.55975242,54041.7263,3073.056505,30873194
218,1,1192,916,59,21751,111751,11.77851391,59.23578008,3.055697822,31.05564391,66.21157682,71.57559193,30.24192244,48498.64211,2738.574164,28771142
219,1,1192,916,59,13051,61077,11.77851391,59.21013557,3.051651607,30.00035222,65.17383906,69.68625636,17.33364231,29100.07715,1756.032289,16378080
220,1,1192,916,59,11233,49952,11.77851391,53.51915663,2.694670722,28.96184026,65.58557543,68.62097977,34.35730029,25046.44599,1445.441544,12971110
221,1,1192,916,59,14082,64698,11.77851391,59.16927979,3.04172375,29.87140908,62.75711121,68.14113567,19.02958293,31398.91859,1947.165055,17175252
222,1,1192,916,59,10579,45667,11.77851391,53.54820112,2.701339387,27.29809952,64.98001385,66.15763124,18.88864778,23588.20904,1397.658352,11927667
223,1,1181,907,37,3393,8272,11.34622288,15.65251611,0.7135250748,28.52935349,39.39449717,51.57018002,14.39034263,7565.440332,677.9240298,1955977.5
224,1,1192,916,59,10276,42057,11.77851391,53.56051646,2.704335857,30.10749291,64.77594572,69.59145788,17.27406905,22912.60385,1433.495746,11135317
225,2,1103,954,38,1870,5332,11.93094254,10.43046708,0.468190864,30.65154069,14.46654579,29.34996944,15.92033248,4169.576605,394.2113301,nan
226,2,1259,960,37,236,401,7.218288422,5.349854743,0.23892937,6.413839119,12.0018589,nan,5.567649387,526.2139459,125.4308778,nan
227,2,821,1025,40,3735,10270,6.403952122,15.62545151,0.698977388,44.64660586,23.30336046,49.38512205,16.30208521,8328.00461,642.0866361,nan
228,1,661,1627,39,9869,36714,13.64036179,24.1633993,1.068202514,30.07159359,76.03507817,75.70650442,36.77389664,22005.10776,1663.452355,14192031
229,1,661,1627,39,8452,29453,13.64036179,22.59861812,1.026492861,29.38129316,77.52113206,75.55234214,48.38725511,18845.59437,1594.764017,11925608
230,2,1193,838,38,967,1477,8.625072479,10.50137443,0.4766986209,13.04751782,37.13990623,31.14778344,7.791255978,2156.139346,325.5229923,nan
231,2,1181,907,37,1711,3419,11.34622288,8.724319537,0.3888689064,14.61378285,20.65747097,22.07774631,4.314876334,3815.051108,400.184229,843683.56
232,2,1053,980,36,316,571,7.690003395,5.258650596,0.2140362345,9.911136755,15.1315054,9.274587096,10.93014149,704.5915547,125.4308778,nan
233,2,1120,978,38,2894,7338,10.44176197,10.49304006,0.479575467,26.09934128,53.6403417,58.21494144,18.1952757,6452.809998,612.2221414,nan
234,2,1199,1034,39,2281,4512,10.26669598,12.14258007,0.5394386525,21.87564637,49.05799476,50.25387746,26.31905632,5085.99157,513.6693089,nan
235,2,1110,1134,37,1742,3600,6.954494953,8.423314882,0.3184161115,41.13923883,12.61749883,32.57792317,3.399643,3884.172431,346.4281386,nan
236,1,661,1627,39,2903,9166,13.64036179,13.86149443,0.6112639595,42.40064254,19.4738553,43.26135967,27.07133848,6472.877479,674.9375803,3933967
237,2,661,1627,39,1941,6184,13.64036179,13.8317751,0.6042541472,26.58229463,17.82134469,30.68405607,5.207600873,4327.886733,519.6422078,2662268
238,2,402,1643,39,4135,10547,6.616172314,12.28842191,0.5697647088,50.3074909,32.98421939,63.83057192,20.77414381,9219.892654,719.7343224,nan
239,1,928,1754,41,5438,13234,9.167451859,22.27046932,0.9631768889,42.62395629,47.2748327,70.81096743,24.96434669,12125.21796,824.2600538,nan
240,2,564,1821,37,1038,1336,10.98528385,8.80617898,0.4008194344,14.33941795,28.53869388,27.76812845,15.53639291,2314.449474,415.1164764,650539.06
241,1,1059,445,40,3318,11975,17.75162125,17.07087019,0.7238339114,24.61376814,43.5450797,50.21793006,13.87583588,7398.211324,564.4389499,12648809
242,2,1492,651,37,806,1410,6.682353497,6.958720268,0.295369268,30.14202415,10.18701876,22.38520242,8.703890371,1797.154408,262.8075534,nan
243,2,1098,1010,38,460,604,7.915002346,nan,nan,10.49904068,16.43232082,12.06695759,7.363764815,1025.67125,170.2276198,99694.61
244,2,882,1274,40,2940,4902,6.712157249,10.30773831,0.4344151408,11.55187677,30.03087979,24.62539427,21.2932869,6555.377123,671.9511308,nan
245,1,1040,1331,41,2853,5571,9.251148224,12.25492221,0.560158315,15.96109523,45.89959529,40.31813752,30.61967104,6361.391473,746.6123676,1936116.6
246,2,1028,1380,41,796,1761,9.21586132,10.59328323,0.49498238,12.31894289,9.990626609,3.866263695,10.50062505,1774.857207,265.7940029,648402.3
247,2,624,1657,39,638,1698,13.27105618,8.659072747,0.3709514628,16.28857034,13.06161512,15.87189815,2.0528733,1422.56143,188.1463166,846241
248,2,454,1759,41,736,1938,7.108631611,11.97426832,0.5137767562,17.74596634,14.75514455,19.53531056,4.295288547,1641.074001,200.0921145,382336.12
249,1,488,1805,38,2266,10876,9.099781036,26.42841957,1.260984792,48.2894044,14.94747526,39.96256384,31.61966971,5052.545769,492.7641626,3651930.8
250,2,1157,443,41,385,592,7.959458351,8.705555617,0.3793401843,11.94436012,8.781807151,nan,4.483830767,858.4422422,170.2276198,180660.97
251,2,1059,445,40,783,2012,17.75162125,10.29083438,0.4293437314,20.20315568,12.13110022,18.36704492,6.879962291,1745.870846,241.9024071,3104905.2
252,2,1644,552,44,2095,10558,6.852612019,18.96752932,0.8331405557,21.29131578,27.48581596,35.15782796,7.968787556,4671.26363,331.4958912,nan
253,2,1150,889,38,658,993,9.194171906,7.103997224,0.3291314508,13.30824023,16.74566331,16.69148432,8.94836992,1467.155832,191.1327661,236187.3
254,2,1541,1217,40,761,1898,6.645884991,10.43854579,0.4682113897,13.71948719,17.97550005,18.47663975,4.457156733,1696.817004,229.9566092,193967.64
255,2,755,1506,42,1848,3188,9.541621208,12.29653184,0.5733142013,20.1638012,43.22527087,44.64057768,18.27008846,4120.522763,555.4796015,nan
256,2,1651,1576,39,743,1260,7.351797581,5.10216226,0.1745961313,29.02207163,13.32751416,26.67929169,5.942224967,1656.682042,226.9701597,nan
257,2,749,1582,40,608,1240,8.899270058,10.46779814,0.4712971542,14.24040064,7.99282116,nan,26.86880829,1355.669827,229.9566092,nan
258,2,1493,1597,39,631,1023,7.381441116,nan,nan,12.35052294,23.96196612,21.71931635,12.81505203,1406.953389,241.9024071,nan
259,2,488,1805,38,1202,2862,9.099781036,12.43442512,0.6032095427,44.60194267,11.54495117,32.40930592,31.79823418,2680.123572,415.1164764,964733.8
260,2,1060,403,40,1190,2308,14.96958828,10.502847,0.474791129,13.89015099,37.50964679,32.65651842,8.91577328,2653.366931,349.414588,2798102.2
261,2,1108,487,43,1976,4743,10.87214851,15.72109606,0.7221857032,23.13968253,15.37068347,25.09096064,12.30239534,4405.926937,543.5338036,1961480.6
262,2,664,700,41,601,1109,6.431360722,6.92053098,0.284572778,19.61406167,12.21137094,17.96177454,10.67869958,1340.061786,179.1869682,nan
263,2,993,762,39,371,557,9.398252487,5.370173553,0.2377077399,6.480952952,16.74391335,nan,16.33422044,827.2261607,149.3224735,nan
264,1,1192,916,59,9377,33537,11.77851391,46.05337511,2.249203211,17.26356146,29.44912587,32.14198708,15.34252012,20908.08547,1529.062129,9116647
265,2,998,1224,45,5121,17958,10.52280426,17.04249011,0.7205917851,25.81390364,48.36467062,54.66874481,21.33959514,11418.39668,654.032434,nan
266,2,1221,1325,41,791,2613,12.82561016,13.75460268,0.5917559237,19.38031037,12.60515254,18.30978865,4.585932783,1763.708607,241.9024071,1442445.6
267,2,1040,1331,41,1393,2156,9.251148224,5.264082746,0.2114430332,26.20053515,18.62586826,31.29268559,9.974547138,3106.000113,403.1706785,741461.2
268,2,510,1564,41,1700,3159,6.755084515,12.18085599,0.5458506119,16.05972692,17.8392935,21.13674708,6.774520552,3790.524187,436.0216227,nan
269,2,608,1710,42,1558,3887,12.55491161,15.89096948,0.7606002872,12.18273664,29.41636815,25.23268442,15.88323811,3473.903931,394.2113301,2139960.5
270,2,915,2365,40,1343,2260,7.118220806,7.032184367,0.3102105164,14.55211965,37.16101375,33.44626758,17.95850897,2994.514107,373.3061838,nan
271,1,1143,642,48,10603,46389,10.30409336,36.52239792,1.675156116,36.5156008,44.67692535,63.24944236,23.83172692,23641.72232,1493.224735,14447502
272,2,1093,799,45,3147,6839,10.20571136,22.77406141,1.070597567,62.19028306,25.83819313,62.73516431,17.60735778,7016.929185,761.5446149,2062358
273,1,1555,909,44,5337,11604,7.916400433,18.80439384,0.800117773,53.15015877,38.86240241,71.74704506,23.49620279,11900.01623,1084.081158,nan
274,2,994,910,43,1682,4576,8.737509727,15.62336931,0.7022111488,16.68977785,12.11811413,14.97182396,2.241330151,3750.389225,430.0487237,228331.72
275,2,831,1125,43,1303,3397,7.300191879,11.86474259,0.4784442735,11.70066197,27.62265562,23.31867729,15.22554597,2905.325303,292.6720481,nan
276,2,947,1322,44,1715,2810,7.865439892,10.67116121,0.5183168717,43.77394509,11.02336744,31.06082264,15.10168157,3823.969988,492.7641626,nan
277,1,1376,1454,45,2980,10845,9.431555748,18.677609,0.7737457247,59.89194882,15.19619904,45.76711279,39.24555715,6644.565927,630.1408382,1983591.8
278,2,592,1513,41,399,632,8.630661011,5.170333426,0.1872498184,10.84896531,13.07096133,8.027811181,4.911869359,889.6583238,143.3495746,nan
279,2,928,1754,41,467,694,9.167451859,5.122690377,0.177079737,13.96459629,10.5611184,8.913026028,7.625466714,1041.279291,167.2411703,nan
280,2,577,1863,42,1151,2021,10.77046299,12.37182407,0.5854836957,10.53006933,31.86448617,24.00720592,10.28635057,2566.407846,364.3468354,2557038.2
281,2,1152,820,47,4307,12947,10.36419296,35.36683887,1.719661279,14.08041702,40.32186337,34.49544826,10.11552038,9603.404513,940.7315832,nan
282,2,1555,852,42,1114,1865,7.24021244,5.253563624,0.206743245,12.04971041,40.30711352,31.19463772,22.33286777,2483.908202,304.617846,nan
283,2,826,1159,43,1456,2611,6.965826035,8.70194073,0.3848732236,10.21477509,18.33393939,13.58658664,6.951643768,3246.47248,418.1029258,353741.56
284,2,1376,1454,45,2213,7555,9.431555748,17.10224156,0.7325355065,26.92151546,14.05256708,26.25621617,13.74488822,4934.370603,588.3305457,1364450.6
285,2,1313,1477,42,296,633,6.576478481,6.953057427,0.2906633647,10.33260761,8.399271245,nan,2.005066593,659.9971525,125.4308778,98650.055
286,2,565,1725,43,632,1142,8.738965034,6.994102864,0.2999089155,11.94555864,11.24333797,6.680732387,5.77226209,1409.183109,244.8888566,348005.25
287,2,563,1787,44,804,1497,10.33772469,10.54444937,0.4835285266,36.70492476,11.14272677,27.75693032,13.44914957,1792.694968,334.4823407,961538.7
288,2,1555,909,44,3808,8325,7.916400433,15.45023391,0.664438496,52.69017935,20.38105992,50.27244421,23.78621506,8490.774178,848.1516496,nan
289,2,921,1160,42,1312,2481,7.062200069,8.864330556,0.4204172906,13.7339153,26.80337913,25.73779453,12.08681127,2925.392784,373.3061838,70487.27
290,2,1446,1440,45,470,900,6.718105793,7.178123716,0.3454574479,21.71768686,8.878660465,14.11567253,13.01035757,1047.968452,170.2276198,nan
291,2,872,1455,47,2170,7647,7.881467342,24.45209731,1.148396358,23.96435715,13.96297849,23.95644279,12.09884024,4838.492638,450.95387,nan
292,2,621,1621,42,338,384,9.22595787,nan,nan,13.92174132,5.949823773,nan,6.993564172,753.6453971,140.3631251,nan
293,2,894,1634,44,1360,2424,6.87653923,8.727978261,0.3854095047,31.0347857,18.81100697,35.10466623,10.6639105,3032.419349,409.1435774,752209.25
294,2,503,1681,42,631,943,6.434679031,5.31602876,0.2275651637,9.942009005,23.62410261,17.61690845,12.59098035,1406.953389,220.9972608,nan
295,2,948,1761,43,387,412,8.446231842,nan,nan,17.63511247,10.79126877,13.87792624,8.929114917,862.9016825,155.2953725,nan
296,1,1165,394,57,2031,10525,11.10272884,42.48280047,1.804844517,13.42350397,39.32443902,32.93276629,25.50964043,4528.561543,444.9809711,2696282
297,2,1110,531,46,2737,6490,9.306776047,23.14025886,1.1476504,27.07282931,14.15947957,26.50765067,12.02274637,6102.74394,546.5202531,2293005.5
298,1,1143,642,48,9054,36796,10.30409336,31.32921389,1.429096817,35.99334554,44.78758312,62.84395672,20.62259969,20187.88587,1499.197634,11658981
299,1,1143,642,48,6864,27944,10.30409336,29.71885135,1.379842656,35.35238862,42.02720684,60.1302968,19.93339662,15304.79883,1081.094708,9064495
300,2,1110,867,45,488,968,9.670754433,7.04457678,0.3154964742,15.14864718,8.610449677,5.865395953,13.46444441,1088.103414,179.1869682,nan
301,2,931,1130,46,730,1140,6.977092743,7.215424199,0.3584252774,8.480686642,14.98008677,5.042959169,17.44346318,1627.69568,247.875306,2203.077
302,2,447,1365,47,3454,7538,6.684837818,17.58743407,0.8313081082,31.01901347,43.81697207,57.28108683,13.66144278,7701.453259,791.4091096,nan
303,2,1129,1354,44,463,717,7.727113724,5.222656417,0.2015088476,9.065219264,14.36165679,5.809925821,14.94413466,1032.360411,176.2005188,nan
304,2,861,1578,44,1060,2500,7.115047932,8.678401115,0.3778918113,27.59710574,12.18776388,24.05183762,16.82402892,2363.503316,262.8075534,nan
305,2,453,1828,47,592,1290,9.016296387,10.45840987,0.4643570644,7.594903186,12.69615282,nan,8.387166432,1319.994305,191.1327661,nan
306,2,1143,642,48,1790,5899,10.30409336,22.76327748,1.066509931,13.98444119,19.74181473,20.47533857,5.576987691,3991.198996,456.926769,1782171.4
307,1,1143,642,48,2437,7191,10.30409336,24.45603724,1.131379003,14.40195364,19.95958904,21.19684845,7.117624733,5433.827907,624.1679393,2188828.2
308,2,572,819,46,2934,5086,6.532975197,14.14242788,0.6758310592,47.2503474,26.52057996,54.78041909,16.23996897,6541.998802,651.0459845,nan
309,2,987,1157,48,1662,4353,6.481719971,10.43167556,0.4588623013,27.63548856,14.41051637,27.24038314,13.24056383,3705.794822,430.0487237,335513.97
310,2,917,1530,49,1705,2889,6.552270412,12.1629736,0.5462773701,26.99095594,16.51699492,29.45724866,12.93236642,3801.672787,447.9674206,nan
311,2,383,1555,46,1399,2036,6.445851326,8.742362707,0.3901548212,16.52258296,34.7234555,34.72344267,17.40004096,3119.378434,397.1977796,nan
312,2,1154,363,50,373,1109,9.397510529,14.07051425,0.6618465184,7.466752893,9.657529292,nan,1.14262979,831.6856009,152.308923,211656
313,2,1186,670,49,1770,3484,9.069698334,14.02187929,0.6498519453,50.84443381,8.018737767,27.6957104,43.45551279,3946.604594,597.2898941,1314657.5
314,2,1069,707,47,451,729,7.606710434,7.020004321,0.3057677402,15.56003252,8.743699849,7.01721069,7.821920226,1005.603769,170.2276198,231990.67
315,2,1337,1318,53,305,1157,10.38240623,15.76981145,0.7352368006,10.09635275,7.690625955,nan,2.313045082,680.0646335,137.3766756,272211.56
316,2,1412,1392,50,1282,3341,6.981323719,23.0889119,1.145810639,19.1745555,31.62746753,35.94689339,12.14981711,2858.501181,388.2384311,nan
317,1,1016,1512,47,2659,4374,8.632504463,5.135529669,0.1790241192,27.38203135,37.23640145,48.82529196,13.54314309,5928.825772,456.926769,nan
318,2,1016,1512,47,500,508,8.632504463,nan,nan,10.11301591,29.4368076,21.82563513,19.04231902,1114.860055,218.0108113,nan
319,2,829,1987,47,1078,1668,7.289719582,6.697130656,0.2361240232,14.46264661,26.34603854,26.39257997,11.5149982,2403.638278,286.6991492,nan
320,1,1207,1267,51,1284,3714,8.630681038,15.46949811,0.667297795,41.67698052,14.51673366,35.8943339,30.28506035,2862.960621,397.1977796,1185166.8
321,2,1010,1489,47,510,540,8.605908394,nan,nan,10.62967185,23.63504486,18.80396093,14.50419148,1137.157256,185.1598672,nan
322,2,795,1503,51,1632,3731,7.418851376,12.14922741,0.5371529175,43.6541476,16.70196266,40.20335318,25.64798987,3638.903219,480.8183647,nan
323,2,1040,769,52,3407,8667,9.089201927,17.66343502,0.8495874097,21.9371618,40.92765664,45.41084929,16.46180741,7596.656414,916.8399874,1732509.6
324,2,890,973,51,794,1206,6.841527462,8.693096544,0.3791230049,9.955819792,26.41949682,19.61518429,20.39734623,1770.397767,268.7804523,nan
325,2,1171,1248,53,518,1305,8.530003548,13.90720772,0.6327269581,14.11858161,10.18414446,8.347196002,8.466438455,1154.995017,179.1869682,362821.66
326,2,1207,1267,51,651,2025,8.630681038,10.28365147,0.4261553504,17.5147183,12.09606551,15.79715101,6.287717124,1451.547791,197.105665,707314.4
327,2,401,1822,48,650,1144,6.75932169,7.169177993,0.345856757,21.79183427,7.863369942,11.93857427,14.92483577,1449.318071,259.8211039,nan
328,2,1119,432,50,349,531,7.868191242,5.13597543,0.180200376,12.17705921,11.51234322,7.756632484,3.881167355,778.1723183,164.2547209,117918.37
329,2,1180,600,54,1062,1994,8.340813637,13.96168246,0.6422671883,7.607867889,14.33989635,nan,19.78560925,2367.962757,352.4010375,484562.1
330,2,767,972,51,1437,4627,9.553206444,8.538219649,0.3484373893,15.81711658,37.28277559,35.3264074,15.07307375,3204.107798,301.6313965,nan
331,1,1124,1307,63,12176,44879,9.484080315,33.08530323,1.517872323,115.5005865,34.65308406,101.3194792,33.65196303,27149.07206,1514.129881,11634517
332,2,1326,1391,50,500,888,7.693048954,14.10888432,0.6794593864,5.368007554,23.99801127,5.489539981,45.66819905,1114.860055,226.9701597,264955.72
333,2,963,1991,50,862,1666,7.137562752,6.818297192,0.2653765931,19.26342488,12.07059567,17.43977803,3.948000442,1922.018735,226.9701597,nan
334,1,1077,1342,51,5913,14562,8.393005371,19.20184745,0.88120221,42.64791783,53.29634586,75.47023271,16.99716267,13184.33501,1087.067607,4411726.5
335,2,1077,1342,51,1129,1535,8.393005371,10.62901611,0.5047239388,16.34119616,30.59378696,31.79243688,12.46114666,2517.354004,453.9403195,458505.34
336,1,891,2170,52,4698,10614,6.928696632,24.83796703,1.230163046,46.97448226,22.09589645,49.31892794,27.94820011,10475.22508,1051.230214,nan
337,2,1302,1638,54,4189,8330,7.223641872,15.58847113,0.6950245597,27.9612215,68.20121647,68.76542663,20.74102215,9340.29754,898.9212906,nan
338,2,1207,1804,58,1212,1928,7.033336163,14.75166448,0.8332047868,15.2520251,27.90053162,28.53365236,15.02650118,2702.420773,379.2790827,nan
339,2,1177,2021,54,2327,4936,6.473664761,14.0982979,0.6728095014,11.35133432,29.48188855,23.95892271,17.14748444,5188.558695,567.4253994,nan
340,2,891,2170,52,874,1054,6.928696632,5.18597882,0.1904240106,15.27110823,34.74211088,33.0400569,10.53064554,1948.775376,355.387487,nan
341,1,980,675,53,2152,4526,6.908817291,18.02036481,0.9358090278,21.15935022,32.36772734,38.72258575,13.56690007,4798.357676,468.8725668,nan
342,2,980,675,53,604,1059,6.908817291,6.816353664,0.2601497015,16.46563449,9.254071277,9.610904572,4.607253208,1346.750946,209.0514629,nan
343,2,1144,1212,55,954,2840,6.74628973,22.91154767,1.101973651,9.950111129,13.03838406,5.704780285,9.65445532,2127.152985,283.7126997,493743.72
344,1,1281,1221,57,12787,75607,14.20004654,43.852915,2.084022069,36.03506878,81.4703934,86.29682929,41.8575648,28511.43104,1600.736916,27420470
345,1,1281,1221,57,9041,45548,14.20004654,43.95917774,2.111358078,34.39658712,77.74401135,82.19329416,44.60743094,20158.89951,1281.186823,17927830
346,2,855,2206,54,2112,4244,6.715952396,12.18467765,0.5474971953,26.75331311,19.72404462,32.92521446,12.88082549,4709.168872,597.2898941,nan
347,2,1133,325,60,317,786,7.193900585,14.19322297,0.7012297273,6.434814083,8.51492916,nan,1.238281653,706.8212748,155.2953725,nan
348,2,1243,750,55,429,704,6.834922791,6.97157959,0.2973193422,17.25200875,8.26978305,8.168760605,14.72343338,956.5499271,167.2411703,nan
349,2,1180,807,57,737,1637,9.349952698,8.812173982,0.4036244533,12.0091062,14.53589849,12.28823269,3.22597689,1643.303721,253.848205,389334.9
350,2,1027,1372,55,1187,2415,8.356903076,7.09008812,0.3225600288,14.60579995,36.59004594,33.19469935,15.41412666,2646.67777,382.2655322,905657.4
351,2,1395,2024,54,589,864,6.426757336,5.133102315,0.183453579,10.46579922,16.20027382,11.73673775,10.33778032,1313.305145,212.0379124,nan
352,2,1165,394,57,778,2782,11.10272884,17.37484043,0.7948920574,17.09599734,10.9158401,13.52226544,5.275789317,1734.722245,235.9295082,812957.6
353,2,1153,692,57,500,859,9.311490059,8.655765674,0.370435599,15.08113914,9.469507234,8.191466868,7.652678307,1114.860055,188.1463166,286623.1
354,1,1281,1221,57,4082,15477,14.20004654,35.20884525,1.709945282,26.11757426,49.23767562,55.56732349,17.9861379,9101.717488,863.0838969,6223293.5
355,2,963,1416,56,819,1729,7.338654041,6.806488265,0.2638618777,27.23425433,8.912874393,18.19714584,18.68858585,1826.14077,250.8617555,nan
356,2,1036,1545,57,1230,2031,6.391415119,8.643799889,0.3675975013,20.95430694,5.281562059,nan,49.71424869,2742.555735,322.5365428,nan
357,1,1444,1895,57,5022,11621,10.04914093,15.04521045,0.5946658371,17.80611973,29.9964608,33.18250535,8.960006732,11197.65439,1155.755945,nan
358,2,1413,1860,59,1093,1899,7.280642033,10.58587544,0.500555471,29.66478243,11.27366801,23.94635418,20.51707234,2437.08408,340.4552396,nan
359,2,1138,597,61,1499,4743,11.02624321,19.25541482,0.9021715409,11.95323331,25.17638424,22.02114698,12.2109092,3342.350444,301.6313965,997350.06
360,1,1192,916,59,2434,6329,11.77851391,15.55267653,0.6952932544,18.08411215,48.47298836,44.78846567,33.30810536,5427.138747,582.3576467,1802294.8
361,1,1192,916,59,1570,4166,11.77851391,13.86184765,0.6194234988,12.02865823,32.50548902,26.8867369,14.10632091,3500.660572,388.2384311,1130522.1
362,2,1192,916,59,1060,2407,11.77851391,10.66694537,0.5256399217,13.11702521,16.17768886,15.82589264,3.550073345,2363.503316,325.5229923,nan
363,1,1281,1221,57,2628,8993,14.20004654,24.42788143,1.127099892,35.80438451,22.88653695,43.06958655,11.54755643,5859.704448,603.262793,nan
364,2,1281,1221,57,1954,6589,14.20004654,21.01079752,0.9805441247,16.31064338,32.33529119,32.91421238,15.92699397,4356.873094,447.9674206,2872082.5
365,2,1444,1895,57,2632,7066,10.04914093,11.79045616,0.4865264548,16.64169047,28.65765215,30.82065494,5.788670628,5868.623329,513.6693089,nan
366,2,995,636,60,1479,2673,6.795419693,10.57670823,0.4979780972,24.11333802,11.15285751,20.00895353,7.545338772,3297.756042,355.387487,nan
367,2,1460,1987,61,1756,5082,10.26263523,13.67914113,0.5925733187,12.96307725,34.10456455,29.29040817,11.13181007,3915.388513,406.157128,nan
368,2,982,2312,57,416,771,7.42032671,6.84928459,0.2791834645,11.25423211,9.385466125,nan,6.156047527,927.5635656,143.3495746,nan
369,2,1237,760,57,797,1915,6.669796944,12.77854599,0.6902287142,15.39674962,11.20071285,12.05939694,5.553662436,1777.086927,226.9701597,nan
370,2,1180,881,60,490,1122,10.00841904,8.800337133,0.4004160484,10.92207319,13.67840822,9.192478853,4.792180228,1092.562854,182.1734177,289285.25
371,2,1124,1307,63,2794,9558,9.484080315,18.97069237,0.8402018077,46.28428988,15.47598567,39.77999509,14.85156194,6229.837987,576.3847478,2685933.8
372,2,952,628,59,713,1193,6.624114037,5.124207545,0.1768581134,20.36936213,13.38518023,20.25276429,9.398609719,1589.790438,256.8346544,nan
373,2,1179,944,59,447,996,10.89035416,6.808475638,0.2589279909,10.95001415,12.98104618,8.082957361,5.976287574,996.684889,149.3224735,nan
374,2,1239,1213,58,189,462,8.544917107,8.864375815,0.4191267815,6.770747129,9.19753603,nan,2.378225218,421.4171007,131.4037767,219104.72
375,1,1342,1304,64,865,2600,11.88603783,19.14701228,0.8735475074,25.04270973,9.425239632,17.70387523,12.25830802,1928.707895,271.7669018,713442.9
376,2,1348,1341,68,1341,7987,14.03469849,25.05761071,0.9921617856,16.36134575,24.590928,27.43846794,8.013574978,2990.054667,313.5771944,3311283
377,2,1182,983,64,944,2905,9.888379097,13.67149706,0.5737087574,12.69735146,22.166065,20.81908744,5.695646076,2104.855784,241.9024071,1463894.8
378,2,1342,1304,64,362,622,11.88603783,8.889531164,0.4305493681,7.888288286,6.290097026,nan,1.294591847,807.1586797,164.2547209,181751.6
379,2,1296,1171,62,382,930,11.06951809,8.866304058,0.4168720859,10.04381801,11.69018994,nan,358.5738038,851.7530819,167.2411703,447533.1
380,2,1317,1208,64,423,1196,12.15893364,10.44165439,0.4671876782,7.895167664,14.60048883,nan,38.00065841,943.1716064,173.2140693,446259.03
381,2,1309,1033,65,3824,8781,8.378695488,21.37000437,1.059380483,48.24398594,25.77935283,54.55305091,13.46198453,8526.4497,764.5310644,nan
382,2,1317,1310,65,177,389,10.71888924,7.063152069,0.3170612317,8.458887669,7.250804852,nan,0.9561799054,394.6604594,95.56638305,125608.914
383,1,1234,1252,73,3323,12989,11.08122158,25.96900892,1.179498149,52.51472202,16.32779756,44.22023077,22.48392005,7409.359925,630.1408382,4347785.5
384,2,1327,1277,69,405,1064,8.85362339,15.82372952,0.7456598351,19.94473345,5.628666408,nan,46.51721678,903.0366444,176.2005188,nan
385,2,1274,1276,72,950,2045,9.693380356,15.8304888,0.7530979267,13.03398296,9.089652412,1.671605791,33.1475112,2118.234104,304.617846,659850.94
386,1,1284,1129,70,1840,6130,12.56386471,15.76748494,0.7425393809,22.078984,17.01544742,26.12341092,4.646305013,4102.685002,513.6693089,nan
387,2,1284,1129,70,1077,4221,12.56386471,15.64135852,0.7165595834,21.39795521,15.81097172,24.16010654,3.925177146,2401.408558,295.6584976,nan
388,2,1234,1252,73,1430,4752,11.08122158,20.72000895,0.93267879,27.16260698,13.89367106,26.20947508,8.285295094,3188.499757,424.0758248,1721168.5
389,2,1292,1069,70,546,944,11.23862553,8.801882371,0.4035471843,9.348619323,28.88839983,20.08369312,21.79659581,1217.42718,241.9024071,nan