ncl,ra,dec,vlsr,maj,min,pa,r,delta r,fwhm,delta vel disp,lco,delta l,mvir,delta mvir,nvox,tpk
C1,71.709,-67.306,252.6,10.6,4.8,109,6.3,0.61,1.2,0.4,8.3,0.47,9400,1100,76,1.03
C2,71.721,-67.226,249.4,11.2,7.8,163,15.2,0.38,1.33,0.21,27.6,0.15,28100,630,273,1.4
C3,71.757,-67.181,247.9,10.8,6.7,136,13.1,0.57,1.2,0.32,16,0.45,19500,860,95,1.3
C4,71.791,-67.157,265.4,5.9,5.3,126,5.9,1.39,0.47,1.16,3.6,1.14,1400,2690,32,0.74
C5,71.798,-67.116,261.9,14.5,5.8,97,13.2,0.4,0.59,0.36,10.5,0.25,4800,950,79,1.44
C6,71.819,-67.218,250.4,14,5.8,145,13,0.58,1.73,0.33,21,0.61,40600,900,100,1.05
C7,71.845,-69.165,240,17.8,7.5,112,19.2,0.14,0.8,0.13,52.9,0.07,12900,290,410,2.78
C8,71.859,-67.237,255.9,14.2,6.9,169,16,0.64,1.66,0.47,37.1,0.82,46000,1070,112,1.45
C9,71.861,-67.195,259,9.3,4.4,172,,,1.55,0.27,37.4,0.31,0,0,141,1.91
C10,71.906,-67.209,256.9,7.6,5.7,42,8.6,1.17,1.19,0.46,28.3,0.51,12600,1580,80,1.85
C11,71.945,-69.207,238.6,12.7,6,9,12.9,0.4,1.07,0.39,17.6,0.44,15400,940,83,1.77
C12,71.971,-67.214,265,15.7,5.3,146,12,0.24,1.08,0.15,34.5,0.1,14500,410,325,2.09
C13,71.982,-67.351,256.9,14.3,8.1,20,18.1,0.52,1.72,0.71,26.8,0.44,55600,1730,121,1.22
C14,72.03,-67.325,258.3,7.3,5.8,116,8.5,0.82,1.14,0.48,11.3,0.45,11500,1410,68,1.5
C15,72.045,-67.291,257.8,5.4,2.4,99,,,1,0.78,6.3,0.49,0,0,41,1.24
C16,72.221,-69.165,239.8,10.7,6.5,142,12.6,0.54,1.43,0.26,53.5,0.22,26900,850,182,2.74
C17,72.236,-69.19,238.8,7.1,2.3,31,,,1.1,0.78,28,1.35,0,0,26,1.77
C18,72.237,-68.373,250.9,15.9,8.9,162,20.6,0.26,2.11,0.14,58.7,0.17,95400,390,401,2.13
C19,72.249,-68.609,247.2,13.2,6.8,48,14.9,1.11,1.43,0.83,45.7,0.91,31500,1940,36,2.62
C20,72.253,-69.209,240.6,9.6,7.5,180,13.4,0.44,0.53,0.53,22.5,0.43,4000,1070,82,2.33
C21,72.285,-68.097,253.1,4.8,4.7,169,2.1,1.81,0.79,0.43,3.6,0.49,1400,2010,35,1.25
C22,72.306,-69.137,240.5,10.1,7.3,78,13.7,0.47,0.93,0.39,14.7,0.24,12200,980,98,1.87
C23,72.311,-68.431,247.7,16.5,11.6,152,24.8,0.19,1.88,0.17,89.6,0.17,91100,450,346,2.51
C24,72.313,-68.586,248.2,12.3,8.8,2,17.7,0.82,0.72,0.93,42.1,1.02,9500,1970,43,2.44
C25,72.334,-68.552,250.6,8.5,5.9,71,9.8,0.93,1.07,0.37,12.3,0.32,11600,1240,95,1.2
C26,72.346,-68.115,253.3,5.6,2.8,70,,,1.85,0.26,15.4,0.26,0,0,135,1.17
C27,72.356,-68.526,249.6,7.9,2.8,21,,,0.49,0.98,4.4,0.99,0,0,22,1.56
C28,72.363,-68.144,247.5,6.8,7.8,25,10.7,0.87,1.07,0.62,9.9,0.51,12700,1640,61,1.01
C29,72.377,-69.2,241.7,23.9,8.6,122,24.9,0.18,1.65,0.21,41.6,0.14,70400,490,300,2
C30,72.378,-68.486,248.3,13.1,6.6,169,14.6,0.24,1.48,0.15,62.5,0.14,33400,400,356,2.54
C31,72.392,-68.426,250.3,5.9,5.2,36,5.7,1.38,0.53,0.72,6.5,1.17,1700,2280,31,1.73
C32,72.4,-68.368,250,15.2,7.5,52,17.7,0.26,1.87,0.1,111.5,0.07,64200,360,571,3.57
C33,72.513,-68.42,249.2,20.9,7.1,139,20,0.16,1.22,0.14,65.7,0.06,30900,360,451,3.49
C34,72.524,-69.547,241.4,8.8,3.4,5,,,1.52,0.64,12.4,0.64,0,0,39,1.52
C35,72.552,-69.192,242.3,5.4,4.6,162,,,1.43,0.6,6.9,0.66,0,0,52,1.01
C36,72.601,-69.513,242.1,15.1,5,38,10,0.29,1.02,0.24,22.9,0.15,10800,560,178,2.21
C37,72.623,-69.343,237.7,13.4,3.4,44,,,1.44,0.74,12.9,0.54,0,0,60,1.01
C38,72.627,-69.21,238.4,4.7,3.4,68,,,0.74,0.33,6.5,0.27,0,0,58,1.68
C39,72.71,-69.317,236.4,10.5,6.3,107,12.1,0.36,1.02,0.27,46.6,0.3,13200,600,113,3.49
C40,72.774,-69.315,234,11.7,4.8,38,7.3,0.71,0.81,0.51,23.1,0.99,5000,1250,37,2.14
C41,72.816,-67.037,275.2,9.2,8.2,142,14.1,0.58,1.24,0.2,21.7,0.21,22500,750,216,1.65
C42,72.965,-67.187,276.6,10.5,3.2,33,,,1.28,0.43,30.7,0.68,0,0,83,1.73
C43,72.969,-67.05,275.4,26.7,11.6,139,31.9,0.2,2.46,0.19,70.9,0.15,200900,520,341,3.42
C44,72.979,-69.381,232.9,14.7,10.1,163,21.4,0.2,2.21,0.07,128.9,0.04,108600,230,1150,4.27
C45,72.99,-67.096,274.4,12.8,6.2,110,13.5,0.39,0.89,0.27,31.9,0.21,11200,570,160,1.81
C46,73.003,-67.013,271.3,9,5,13,7.5,0.69,1.37,0.33,14.8,0.26,14600,990,131,1.42
C47,73.018,-66.861,278.5,9.9,5.5,87,9.7,0.69,1.46,0.39,11.7,0.26,21600,970,84,1.19
C48,73.031,-67.161,274.6,19.8,2.2,28,,,1.06,0.47,45.9,0.64,0,0,66,2.63
C49,73.038,-67.239,277.9,10.3,8.1,6,15,0.45,0.74,0.32,23.7,0.35,8500,880,121,2.3
C50,73.044,-66.919,275.2,14.9,10.4,86,22,0.22,2.99,0.08,94.1,0.04,204900,280,950,2.79
C51,73.048,-67.289,274.4,13.3,4.9,66,8.6,0.37,1.24,0.23,24.1,0.17,13900,620,240,1.43
C52,73.065,-66.983,274.7,8.5,6.5,130,10.9,0.62,1.9,0.11,53.8,0.07,40900,640,471,2.77
C53,73.075,-67.252,276.1,6.3,3.8,19,,,1.51,0.74,5,0.81,0,0,16,1.28
C54,73.102,-69.35,236.6,3.6,3.8,160,,,1.13,0.59,5,0.5,0,0,40,1.49
C55,73.107,-69.211,247.3,5,5.3,128,4.2,1.39,1.11,0.57,10.4,0.49,5400,1870,66,1.09
C56,73.181,-69.193,246.6,6.5,4.5,143,,,2.86,0.18,23.6,0.11,0,0,209,2.52
C57,73.232,-68.076,267.3,12.2,6.1,175,12.7,0.55,1.86,0.75,38.3,0.78,45900,1680,36,2.25
C58,73.244,-68.057,269.4,7.8,11.2,6,15.3,0.78,2.08,1.01,41.3,1.09,69200,2160,21,2.85
C59,73.258,-68.096,264.9,8.9,7.1,91,12.3,0.85,1.8,0.68,55.7,0.91,41500,1620,30,2.15
C60,73.281,-69.161,249.6,8.4,7,112,11.6,0.51,1.11,0.32,21.4,0.22,14900,870,119,1.99
C61,73.376,-69.175,248.9,8.6,6.2,16,10.5,1.09,1.44,0.77,37.2,0.73,22800,2090,63,1.66
C62,73.377,-69.122,249.7,5.6,5.1,5,4.8,1.07,0.78,0.34,8.3,0.28,3100,1300,64,2.09
C63,73.448,-69.162,245.6,8.9,7.4,84,12.7,0.49,1.79,0.22,81.7,0.27,42100,630,292,2.44
C64,73.478,-69.124,247.8,19.3,10.2,136,25,0.39,0.44,0.73,30.6,0.53,5100,1480,73,1.96
C65,73.512,-69.189,244.6,10.5,8.4,35,15.5,0.49,1.77,0.37,71.5,0.3,50600,830,173,2.92
C66,73.537,-69.084,249.3,8.3,3.5,145,,,0.84,0.81,5.5,0.77,0,0,38,0.87
C67,73.543,-69.148,243,17.9,5.5,154,13.8,0.65,1.63,0.58,30.9,0.76,38000,1350,83,1.41
C68,73.6,-69.49,232.8,8,5.8,44,9.1,0.43,1.2,0.23,17.5,0.2,13500,640,156,1.78
C69,73.606,-69.491,237.7,9.1,3.4,68,,,1.51,0.33,13.1,0.33,0,0,89,1.7
C70,73.608,-69.177,243.1,7.1,7.1,60,10.3,1.07,1.36,0.49,23.7,0.6,19800,1400,47,2
C71,73.622,-69.158,238.9,9.9,5.6,40,10.2,0.65,0.74,0.5,4.5,0.79,5700,1300,48,0.83
C72,73.683,-69.137,245.9,7.6,4.9,44,6,0.91,0.76,0.74,2.8,0.85,3600,1500,31,1.03
C73,73.856,-66.568,270.1,6.1,3.8,171,,,0.89,0.58,7.8,0.3,0,0,72,1.13
C74,73.883,-66.487,280.1,10.9,7.2,162,14,0.51,1.38,0.31,35.9,0.27,28000,750,217,1.66
C75,73.884,-68.498,261.9,6.8,4.2,133,,,0.91,0.55,4.2,0.59,0,0,28,1.16
C76,73.888,-68.522,258.2,12.8,5.1,61,9.9,0.4,1.25,0.31,22.8,0.29,16200,790,183,1.35
C77,73.899,-66.535,284.1,8.9,5.7,148,9.7,0.72,0.93,0.42,20.4,0.43,8800,1060,104,2.03
C78,73.906,-66.47,276,7.2,6.1,34,8.9,0.85,1.17,0.25,18.4,0.26,12700,1040,124,2.09
C79,73.911,-66.569,278.8,11,7.3,111,14.3,0.49,2.39,0.11,70.6,0.1,84700,560,410,3.4
C80,74.063,-66.626,277.5,13.1,8.2,55,17.5,0.52,1.34,0.39,76.3,0.48,32800,1040,112,2.88
C81,74.074,-66.605,280.4,10.8,4.4,125,,,0.42,1.41,19.7,1,0,0,23,2.67
C82,74.122,-66.535,276.6,6.7,4.3,124,,,0.66,0.51,6.7,0.56,0,0,59,1.59
C83,74.166,-66.541,268.8,4.5,5,77,,,1.28,0.47,10.1,0.56,0,0,59,1.32
C84,74.188,-66.392,292.9,3.8,2.7,38,,,1.99,0.66,4,0.6,0,0,43,1.22
C85,74.215,-66.405,283.5,9.8,4.9,92,7.5,0.7,4.25,0.1,40.6,0.08,140300,750,395,2.11
C86,74.272,-66.39,285.7,5.2,2.6,82,,,1.89,0.51,4.8,0.6,0,0,53,0.84
C87,74.277,-69.19,236.7,14.3,9.7,10,20.5,0.17,1.72,0.1,65.7,0.09,63500,290,517,2.4
C88,74.313,-68.437,258.3,12.3,8.9,4,17.7,0.29,1.6,0.2,35.3,0.16,47000,470,284,1.77
C89,74.319,-66.3,279,20.8,6.3,160,17.8,0.32,2.17,0.19,29.6,0.14,87300,580,262,1.64
C90,74.32,-66.394,277.2,5.8,3,177,,,1.09,0.75,7.5,0.96,0,0,45,1.66
C91,74.326,-68.939,258.6,16.6,6.5,139,16.3,0.2,1.67,0.14,42.1,0.14,47500,330,396,1.85
C92,74.338,-66.46,268.4,6.3,3.7,144,,,1.36,0.48,4.3,0.62,0,0,50,0.87
C93,74.341,-66.38,279.1,14.4,2.2,65,,,0.65,1.43,12.4,1.39,0,0,32,1.33
C94,74.348,-66.36,282.8,5.2,6.4,33,6.1,1.34,1.74,0.29,7.7,0.55,19200,1420,73,1.27
C95,74.355,-68.899,263,7.2,4.7,118,3.5,1,0.75,0.62,6.3,0.54,2100,1750,50,1.3
C96,74.417,-66.443,280,15.4,6.4,172,15.5,0.5,1.5,0.39,28,0.4,36400,900,104,1.28
C97,74.459,-66.307,285.2,6.2,3.8,56,,,1.84,0.21,14.2,0.24,0,0,155,1.51
C98,74.46,-66.489,279.1,13.1,5,159,9.3,0.36,3.18,0.14,71.3,0.07,97900,520,522,3.11
C99,74.477,-66.343,274.5,5.4,4.5,13,,,1.71,0.32,9.5,0.49,0,0,60,1.41
C100,74.492,-66.344,267.5,11.5,9.1,91,17.3,0.66,1.21,0.81,26.2,0.69,26400,1750,72,1.83
C101,74.505,-66.279,278.6,5.2,4.4,162,,,0.96,0.66,2.5,0.59,0,0,38,1.02
C102,74.53,-66.318,271,11.5,4.4,27,,,1.31,0.25,45.2,0.28,0,0,132,2.55
C103,74.553,-66.17,279.6,7.2,4.8,141,5,1.12,0.73,0.57,4,0.74,2800,1750,40,0.83
C104,74.566,-66.295,270.3,7.7,6.8,77,10.7,1.1,1.54,0.58,26.9,0.82,26300,1800,72,1.74
C105,74.574,-66.187,275.8,12.2,6.6,49,13.9,0.52,0.71,0.5,10.3,0.59,7300,1150,85,0.84
C106,74.615,-66.271,273.6,8,6.2,51,10,0.95,1.85,0.39,15.4,0.38,35300,1480,82,1.06
C107,74.669,-66.258,283.8,6,4.3,155,,,0.98,0.42,7.8,0.17,0,0,83,1.74
C108,74.671,-66.254,276.7,18.5,6,172,15.7,0.25,1.42,0.17,31.9,0.14,32900,380,291,1.48
C109,74.676,-66.362,272.3,5.6,5.3,72,5.4,1.38,1.43,0.4,5.9,0.35,11500,1640,57,1.39
C110,74.685,-66.139,276.4,7,5.6,41,7.9,1.1,1.52,0.26,41.7,0.29,19000,1190,119,2.94
C111,74.715,-66.163,278.5,10.6,3.4,136,,,1.75,0.74,31.1,1.47,0,0,50,1.54
C112,74.721,-66.122,274.6,13.3,30,,,0.77,1.12,,37.6,0.9,0,0,24,3.07
C113,74.744,-66.223,280.7,9.7,7.5,159,13.6,0.4,0.84,0.16,22.2,0.1,10000,510,257,1.95
C114,74.762,-66.275,281.6,6.4,6.4,47,8.4,1.05,1.66,0.4,8.7,0.67,24100,1470,56,1.31
C115,74.781,-66.295,278.6,23.6,4.8,129,9.6,0.36,1.22,0.45,27.5,0.36,14800,1000,57,1.84
C116,74.821,-66.312,282,15.9,4.6,102,2.9,1.37,1.3,1.19,26.5,1.27,5200,2690,13,2.01
C117,74.839,-66.363,279.8,6.6,3.6,160,,,0.73,0.38,2.2,0.28,0,0,35,1.18
C118,74.86,-66.336,281.8,11.2,5.7,148,11.2,0.73,1.31,0.47,39.1,0.44,20200,1070,79,2.51
C119,74.915,-66.374,280.6,10,5.1,137,8.3,0.69,1.19,0.57,10.2,0.42,12300,1340,73,2.02
C120,74.992,-66.213,278.4,7.7,44,,,0.51,1.11,,4.3,0.93,0,0,34,1.23
C121,75.015,-66.268,275.3,6,2.1,18,,,1.2,0.24,8.1,0.34,0,0,77,1.47
C122,75.144,-66.298,271.1,10.2,4.2,134,,,0.73,0.5,6.9,0.37,0,0,48,1.07
C123,75.186,-66.377,276.2,17.5,9.9,162,23.3,0.19,0.98,0.1,57.6,0.06,23500,300,577,2.36
C124,75.257,-66.35,277,4.9,5.2,73,3.8,1.17,0.56,0.53,5,0.5,1200,1620,41,1.52
C125,75.748,-65.887,279.8,5.9,9.5,69,10.6,1.18,1.02,1.03,22.2,0.98,11500,2580,36,1.66
C126,75.779,-65.898,277.6,6.9,3.6,57,,,0.95,0.85,13.1,1.07,0,0,24,1.78
C127,75.795,-65.907,280.5,10.2,4.6,166,3,1.15,0.92,0.7,11.9,1.09,2700,1750,48,1.05
C128,75.843,-67.252,274.3,5.4,3.8,98,,,0.69,0.56,3.6,0.93,0,0,31,1.1
C129,75.856,-66.722,281,11.9,4.7,101,5.4,0.93,0.89,1.52,24.6,0.88,4500,3330,24,2.06
C130,75.875,-67.174,271.3,6,2.1,0,,,0.66,0.85,5.5,1.02,0,0,22,1.22
C131,75.877,-67.374,275.7,12.3,5.2,3,9.8,0.69,0.88,0.66,14,0.64,7800,1640,64,1.05
C132,75.889,-67.185,274.4,13.4,9.1,31,19,0.26,1.38,0.22,49.5,0.17,37800,540,332,2.15
C133,75.908,-67.354,270.2,13.4,5.4,2,11.5,0.58,1.35,0.46,8.1,0.65,21700,1240,40,0.98
C134,75.919,-66.734,280.9,8,6.1,134,9.6,0.94,0.78,0.64,21.3,0.63,6100,1680,38,2.76
C135,75.944,-67.332,276.9,7.6,5.4,107,7.9,1.24,1.63,0.42,33.3,0.48,21900,1560,53,2.67
C136,75.97,-67.34,271,7.6,4.7,138,3.7,1.16,2.07,0.28,33.3,0.44,16500,1410,104,2.74
C137,75.971,-67.314,276.4,9.9,5.4,130,9.4,0.55,1.49,0.31,46.9,0.35,21500,860,127,3.56
C138,76.007,-67.36,275.7,10.9,7.3,36,14.3,0.6,0.43,1.1,6.1,0.8,2800,2490,26,0.83
C139,76.109,-66.847,277.1,5.9,4.4,142,,,0.52,0.79,4.4,0.72,0,0,36,0.97
C140,76.161,-70.903,228.7,8,5.8,93,9.1,0.52,2.62,0.28,32.8,0.24,64500,860,161,2.16
C141,76.193,-70.941,231.9,14.6,6,155,13.8,0.2,1.05,0.15,36.3,0.09,15700,390,253,2.76
C142,76.199,-66.823,281.3,11.1,7.6,27,14.9,0.38,2.14,0.09,66.8,0.04,71500,440,644,3.31
C143,76.214,-70.121,229.4,11,8,177,15.5,0.23,1.28,0.13,36,0.12,26500,340,318,2.31
C144,76.239,-71.002,234.1,12.5,7.5,174,15.9,0.34,1.17,0.43,22.4,0.53,22700,1060,128,1.36
C145,76.352,-66.925,282.9,12.5,5.4,136,11,0.67,0.9,0.79,12.1,0.86,9300,1470,24,2.06
C146,76.353,-66.898,280.3,14.3,8.8,18,19.2,0.34,1.35,0.39,43.9,0.3,36700,930,165,2.12
C147,76.389,-66.854,282.8,6.6,2,72,,,1.14,0.43,5,0.45,0,0,53,1.05
C148,76.907,-69.001,254.5,9.9,8.2,144,14.8,0.4,2.27,0.24,21.9,0.43,79000,630,115,1.22
C149,76.937,-68.979,249,8.1,5.4,70,8.2,1.21,0.75,0.88,10,0.7,4800,2210,27,1.23
C150,76.946,-68.953,251.4,9.7,7.1,144,13,0.65,1.98,0.54,45,0.56,52800,1480,103,1.31
C151,76.964,-69.012,264.4,8.1,5.9,155,9.4,0.44,2.05,0.26,26.9,0.19,41300,640,190,1.47
C152,77.052,-69.042,243.1,7.6,6,79,9.2,0.49,2.38,0.21,30.4,0.21,54400,680,221,1.53
C153,77.105,-69.345,226,6.1,3.3,3,,,1.27,0.47,9.6,0.44,0,0,42,2.22
C154,77.136,-69.348,229.2,9.7,4.9,26,7.1,0.51,1.41,0.42,29.8,0.46,14500,980,93,1.98
C155,77.146,-69.374,226.9,8.2,5,166,6.6,1.03,0.64,0.92,6.2,1.39,2800,2240,14,3.7
C156,77.166,-69.406,224.8,14.1,7.1,166,16.3,0.16,1.09,0.11,129.6,0.06,20000,270,435,5.4
C157,77.191,-69.072,248.2,7.9,1,51,,,1.09,0.73,8.4,0.42,0,0,55,1.32
C158,77.234,-68.795,275.1,5.4,4.7,132,2.6,1.32,0.7,0.53,3.2,0.73,1300,1730,38,0.94
C159,77.242,-68.733,244.7,8.8,6.1,52,10.4,0.36,1.74,0.12,39.6,0.06,32800,440,419,2.44
C160,77.29,-68.735,251.4,8.6,3.5,8,,,1.5,0.32,9.8,0.33,0,0,91,1.07
C161,77.343,-69.392,232.3,9.8,7.7,30,13.9,0.2,1.03,0.11,56.2,0.07,15200,320,364,4.75
C162,77.379,-69.396,225.7,4.8,2.5,63,,,1.03,0.33,9.4,0.53,0,0,62,1.87
C163,77.41,-69.172,239.8,8.1,6.7,96,10.9,0.26,1.21,0.14,23.6,0.08,16500,360,253,2.15
C164,77.449,-69.234,236.6,4.9,3.4,27,,,0.98,0.68,2.9,0.92,0,0,19,1.19
C165,77.465,-68.886,240.9,7.8,6.2,175,9.6,0.5,2.45,0.19,62.8,0.18,60200,650,322,2.89
C166,77.477,-69.227,239.1,8.5,6.2,89,10.3,0.71,0.44,0.63,12.3,0.51,2100,1440,70,1.12
C167,77.503,-69.22,242.1,12.6,4.4,110,,,0.73,0.36,12.2,0.33,0,0,91,1.26
C168,77.52,-69.433,227.3,15.8,7.9,102,18.7,0.16,1.26,0.15,42.1,0.11,30700,350,330,1.79
C169,77.529,-68.862,242.9,7.3,5.1,167,6.6,1.46,1.87,0.92,17.7,1.78,23900,2330,14,1.82
C170,77.538,-69.481,227,6.9,4.1,142,,,0.45,0.48,5.6,0.48,0,0,45,1.48
C171,77.554,-68.929,244,7.7,5.5,170,8.2,0.46,1.13,0.23,16,0.12,10800,560,146,2.22
C172,77.562,-68.88,242.6,17.4,6.1,103,15.6,0.65,1.65,0.73,24.8,1.16,43900,1420,26,1.73
C173,77.632,-68.888,239.8,12.4,5.8,100,12.2,0.44,1.51,0.3,34.8,0.44,29100,850,82,2.25
C174,77.644,-68.912,241.3,9.1,6,135,10.5,0.49,0.91,0.44,25.7,0.44,9200,940,83,2.53
C175,77.651,-68.986,235.8,4.4,4,140,,,0.94,0.31,9.6,0.38,0,0,69,1.98
C176,77.665,-68.853,241.1,6.6,5.7,29,7.5,0.69,1.58,0.21,17.1,0.16,19400,810,184,1.33
C177,77.789,-68.849,249.4,16.5,8,163,19.4,0.17,2.68,0.15,92.6,0.11,144800,320,383,3.47
C178,77.825,-68.896,248.2,10.9,6.6,132,13.1,0.95,0.75,0.66,12.4,0.74,7700,1600,19,1.4
C179,77.854,-69.012,231.1,13.1,5.1,119,9.6,0.46,1.11,0.49,26.3,0.45,12300,1060,90,1.34
C180,77.927,-69.012,234.2,19.2,9.1,122,23,0.24,1.43,0.19,42.1,0.18,48800,460,222,1.88
C181,77.936,-67.789,270.6,5.4,4.3,169,,,1.1,0.55,7,0.66,0,0,40,1.5
C182,77.945,-68.942,246.5,14.4,5.4,175,11.8,0.2,2.4,0.15,38.8,0.09,70700,350,353,2
C183,77.952,-67.826,273.3,10.4,7.9,42,14.7,0.32,1.4,0.33,24.1,0.22,29900,770,140,1.56
C184,77.953,-67.815,277.6,17.3,6.7,101,17.2,0.25,1.23,0.33,37,0.21,27100,700,232,1.85
C185,78.007,-67.177,289.4,11.6,9,75,17.3,0.33,1.29,0.27,73.7,0.23,30100,640,204,3.28
C186,78.036,-69.668,232,9.4,5.9,84,10.5,0.25,1.17,0.17,27.7,0.12,14900,440,228,2.17
C187,78.046,-67.159,287.6,9.9,6.1,108,11.3,0.6,1.5,0.5,40.4,0.66,26500,1210,103,2.36
C188,78.058,-70.504,235.2,12,4.3,149,,,0.69,0.25,17.5,0.29,0,0,122,2.97
C189,78.059,-67.755,274.7,5.6,4.8,117,4,1.43,1.67,0.43,14.5,0.38,11600,1810,85,1.22
C190,78.06,-70.463,232.7,15.4,4.4,20,,,1.16,0.24,48.4,0.15,0,0,195,2.55
C191,78.084,-69.11,237.1,6.1,5.3,112,6.3,0.87,1.36,0.43,9.8,0.58,12000,1250,85,1.17
C192,78.109,-69.598,230.5,8.7,6.8,5,11.5,0.47,2.45,0.28,47,0.33,71500,740,132,2.06
C193,78.124,-67.153,282.1,5.3,4.8,154,3.4,1.02,1,0.22,12.2,0.2,3500,1060,119,1.8
C194,78.128,-70.42,234.1,11.2,6,8,11.8,0.64,0.74,0.38,21.4,0.59,6700,1090,88,2.5
C195,78.15,-69.061,237.1,7.6,5.3,58,7.6,0.46,1.49,0.3,11.7,0.29,17600,820,127,1.36
C196,78.159,-68.222,283.2,9,6.5,179,11.4,0.35,1.27,0.22,28.8,0.17,19200,540,190,2.37
C197,78.163,-67.732,273,10.5,6.7,46,13,0.34,1.73,0.18,17.6,0.19,40500,570,173,1.6
C198,78.177,-69.038,233.4,8,3.2,5,,,1.4,0.57,4.3,0.88,0,0,36,1.25
C199,78.184,-68.161,283.1,8.8,5.7,67,9.6,0.42,1.42,0.16,22.6,0.2,20100,540,236,1.6
C200,78.235,-69.115,235,3.7,2.6,76,,,0.82,0.45,4.6,0.32,0,0,35,2.49
C201,78.237,-69.581,231.2,9.5,5.4,36,9,0.48,1.15,0.55,43.3,0.44,12500,1210,76,3.58
C202,78.244,-69.601,233.2,16.1,5.1,160,11.2,0.8,0.82,0.93,55.6,0.85,7700,2090,47,2.25
C203,78.271,-69.652,236,8,9.2,128,13.8,0.92,,,1.9,1.01,0,0,11,2.17
C204,78.276,-69.629,235.2,12.9,10.8,175,20.7,0.36,2.43,0.3,80.4,0.42,127200,670,97,2.58
C205,78.333,-69.609,232.2,9.1,4.1,54,,,1.59,0.28,56.4,0.45,0,0,112,2.51
C206,78.345,-67.482,288.3,9,6.9,48,12.1,0.28,1.34,0.16,20.1,0.11,22600,430,232,1.91
C207,78.349,-69.378,236.3,13.1,8.8,104,18.3,0.12,2.61,0.08,172.7,0.03,129700,230,1178,8.06
C208,78.435,-69.588,238.1,8.3,3.5,76,,,1.75,0.29,48,0.42,0,0,111,3.39
C209,78.462,-67.402,283.3,11.4,10.3,68,18.8,0.23,1.61,0.21,36.7,0.12,50300,500,326,1.83
C210,78.504,-69.604,239.2,21.7,6.5,82,18.9,0.24,1.59,0.26,118,0.27,49700,580,149,3.66
C211,78.527,-70.222,235.9,11.9,7.7,31,15.7,0.61,1.46,0.61,41.6,0.69,34700,1380,92,1.7
C212,78.628,-70.181,236.3,11.3,8.9,32,16.9,0.15,1.41,0.13,83.9,0.12,34900,290,379,3.22
C213,78.634,-68.782,266.2,12.7,7.6,136,16.1,0.22,1.54,0.13,61.9,0.07,39600,370,452,2.27
C214,78.647,-68.814,263.8,9.3,4.4,177,,,0.93,0.54,18.1,0.66,0,0,55,1.67
C215,78.649,-67.439,295.1,11.5,5.9,84,11.8,0.24,1.07,0.21,30.4,0.11,14100,490,294,1.93
C216,78.697,-70.588,217.8,8.8,7.4,125,12.5,0.58,0.99,0.73,25.1,0.39,12900,1680,101,2.01
C217,78.706,-70.563,219.5,7.3,5.9,165,8.6,0.6,0.62,0.79,7.6,0.7,3400,1650,59,1
C218,78.764,-70.563,218.1,8.1,6.1,60,9.8,0.45,1.46,0.27,22.3,0.38,21900,720,120,1.93
C219,78.851,-70.568,216.7,5.3,3.9,146,,,1.1,0.33,7.8,0.28,0,0,76,1.53
C220,78.923,-67.983,282.2,20.8,5.8,116,16.3,0.68,1.36,0.73,102.2,1.06,31200,1550,50,3.11
C221,78.944,-68.075,282.7,31.5,11.1,169,33.9,0.11,2.6,0.09,251,0.09,237100,260,1113,2.89
C222,78.955,-68.068,287.5,8.1,4.9,66,6,1.11,1.02,0.99,13.4,1.01,6500,2360,29,1.65
C223,78.975,-67.973,282.5,12.8,6.9,114,15,0.75,0.3,1.45,11.1,1.9,1400,2830,15,2.41
C224,78.99,-67.96,278.4,12.1,3.5,89,,,0.56,1.65,10.3,1.57,0,0,20,1.78
C225,79.013,-68.223,282.9,6.2,4.8,150,4.7,1.05,0.67,0.46,6.5,0.53,2200,1430,43,1.74
C226,79.036,-68.057,284.6,7.4,5.6,25,8,0.47,1.37,0.3,13.9,0.34,15600,780,116,1.71
C227,79.055,-67.969,281.4,5.9,5.7,78,6.7,1.71,2.59,1.15,65.2,2,46500,2690,34,2.48
C228,79.095,-68.249,281.9,13.2,7.6,141,16.4,0.38,1.88,0.42,31.3,0.34,60500,910,123,1.22
C229,79.113,-68.364,279.3,7.1,3.4,121,,,1.56,0.5,10.1,0.36,0,0,58,1.38
C230,79.131,-68.123,279.9,10.2,5.7,167,10.5,0.3,1.33,0.25,32.4,0.17,19200,530,243,1.99
C231,79.145,-68.221,277.3,17.4,6,9,15.3,0.16,1.66,0.1,89.9,0.07,44000,270,599,3.27
C232,79.152,-68.807,264.7,10.3,7.5,40,14,0.19,1.46,0.14,34.9,0.11,30900,370,368,2.02
C233,79.154,-69.385,240.6,14.6,6.2,146,14.6,0.18,0.87,0.19,30.5,0.13,11500,460,182,3.35
C234,79.161,-68.177,282.7,5.1,6.9,62,6.5,0.55,0.76,0.4,8.1,0.57,3900,1140,74,1.41
C235,79.204,-68.348,279.1,19.4,9.7,3,24.3,0.11,1.85,0.09,104.3,0.07,86400,230,828,2.58
C236,79.233,-68.347,221.1,15.4,1.2,1,,,0.15,1.6,4.9,0.95,0,0,44,1.21
C237,79.351,-71.236,223.7,20,8.3,149,22.1,0.13,2.34,0.17,70.9,0.09,126100,350,553,2.17
C238,79.372,-66.716,289.5,8.3,5.3,3,8.1,0.6,1.13,0.28,33.2,0.53,10800,800,109,2.49
C239,79.393,-69.25,257.4,15.4,6,78,14.5,0.18,2.02,0.14,42.9,0.08,61500,360,343,2.46
C240,79.401,-68.785,264.6,8.8,4.3,134,,,1.83,0.39,11.7,0.36,0,0,82,1.39
C241,79.41,-68.811,259.9,8,7.7,9,12,0.29,1.73,0.13,46,0.06,37600,430,428,2.29
C242,79.428,-68.775,290.6,4.1,4.8,79,,,1.03,0.39,4.9,0.47,0,0,46,1.16
C243,79.432,-66.691,289.2,18,3.3,30,,,0.87,0.47,34.4,0.6,0,0,62,2.17
C244,79.567,-70.032,247.7,11.9,7.8,50,15.8,0.22,0.96,0.24,29.7,0.31,15200,580,192,2.04
C245,79.733,-69.859,229.5,8.2,5.4,89,8.2,0.45,1.51,0.3,19.4,0.26,19600,680,174,1.3
C246,79.76,-69.63,237.4,5.5,5.1,49,4.8,1.52,1.96,0.9,33,1.25,19200,2230,30,2.4
C247,79.763,-71.235,225.9,11.7,5.6,30,11,0.33,0.93,0.35,15.9,0.36,9900,750,123,1.29
C248,79.814,-69.633,240.3,7.2,5.1,103,6.7,1,1.75,0.4,47.4,0.43,21500,1410,77,3.66
C249,79.874,-69.141,267.1,9.2,6,180,10.6,0.39,1.97,0.21,94.3,0.34,42700,600,184,4.35
C250,79.875,-71.228,228.6,11.5,6.5,124,13.4,0.26,1.46,0.23,24.1,0.18,29400,600,182,1.72
C251,79.889,-69.673,243.4,17.8,6.4,168,16.7,0.19,1.96,0.19,66.9,0.16,66600,460,317,2.42
C252,79.901,-69.141,270.3,8.9,7.4,111,12.7,1.2,1.55,0.99,21.1,2.05,31700,2560,14,2.55
C253,79.907,-70.691,225,5.3,4.2,102,,,0.55,0.65,5.1,1.01,0,0,27,1.27
C254,79.937,-70.712,227.8,12.6,8.7,44,17.8,0.21,1.27,0.19,35,0.25,30000,430,263,1.72
C255,79.946,-70.764,227.8,9.7,7.6,77,13.8,0.17,1.76,0.19,44.6,0.09,44500,440,339,2.35
C256,79.998,-68.63,256.3,7.7,7.9,33,12,0.59,1.4,0.44,26,1.06,24200,970,59,2.31
C257,80.04,-66.872,291,14.4,5.4,109,11.7,0.23,0.8,0.25,26.7,0.19,7700,570,180,2.46
C258,80.05,-68.625,254.6,13.8,5.6,48,12.3,1.08,1.3,0.72,14.8,2.03,21700,2170,11,1.69
C259,80.087,-67.835,279.6,11,6.8,77,13.5,0.22,1.59,0.15,35.2,0.11,35300,350,373,2.16
C260,80.136,-68.559,259.1,10.3,8.7,84,15.8,0.31,1.1,0.24,17.8,0.28,20000,570,186,1.09
C261,80.2,-68.617,257.4,14.4,5,179,10,0.18,1.22,0.24,23.4,0.1,15400,500,242,2.19
C262,80.202,-70.023,241.1,9.2,6.6,59,11.7,0.93,0.62,1.26,16.8,1.58,4700,2300,12,3.1
C263,80.221,-70.044,243,46.3,5.8,49,24.5,0.61,3.43,0.72,326.4,0.87,298500,1870,48,3.85
C264,80.221,-68.798,278.5,6,6.2,37,7.6,0.82,1.29,0.43,9.2,0.75,13200,1350,61,1.15
C265,80.229,-67.776,279.6,13.2,3.3,161,,,1.04,1.18,3.8,1.38,0,0,30,1.14
C266,80.241,-67.827,280.4,6.2,5.4,127,6.5,0.81,1.19,0.31,8.5,0.38,9500,990,98,1.4
C267,80.264,-68.815,259.2,8.9,3.8,121,,,0.55,1.02,11,0.57,0,0,67,1.23
C268,80.266,-68.683,266,12.5,5.6,45,11.7,0.21,1.37,0.14,30.9,0.11,22700,380,267,2.14
C269,80.273,-68.799,285.6,6.6,4.2,122,,,0.65,0.48,5.3,0.62,0,0,53,1.39
C270,80.277,-70.224,225.8,10.6,7.3,168,14,0.12,1.61,0.08,94.4,0.04,37900,220,761,3.57
C271,80.29,-70.016,240.7,22,9.3,21,25.2,0.48,1.67,1.03,364.2,0.77,73500,1970,86,3.42
C272,80.298,-69.981,239.2,11,10.8,92,18.8,0.3,1.58,0.4,119.2,0.45,48700,860,112,2.97
C273,80.303,-67.814,277.6,4,4.4,153,,,1.64,0.51,6.9,0.63,0,0,43,1.6
C274,80.304,-68.8,281.4,12.1,8.7,23,17.4,0.85,2.1,0.87,41.6,0.81,79600,2160,31,1.87
C275,80.332,-68.701,270.9,11.8,5.2,4,9.7,0.32,1.08,0.28,17.6,0.26,11900,570,164,1.47
C276,80.343,-68.034,272.8,9.4,6.1,107,11,0.32,1.77,0.15,35,0.1,35700,410,364,2.09
C277,80.346,-67.764,297.7,6.3,4.3,95,,,1.28,0.36,7.2,0.45,0,0,67,1.11
C278,80.347,-67.786,279,10.9,6.5,128,12.8,0.67,1.59,0.47,54.1,0.49,33700,1260,84,2.56
C279,80.348,-70.185,227.9,5.8,4.4,129,,,1.14,0.3,10.5,0.18,0,0,75,1.95
C280,80.348,-67.998,283.7,8,5.6,11,8.6,0.33,1.31,0.19,24.1,0.11,15400,540,204,2.61
C281,80.359,-67.794,298.1,5.8,3.8,168,,,1.15,0.77,7.8,0.56,0,0,33,1.77
C282,80.37,-67.848,279.6,17.2,6.9,160,17.6,0.16,1.26,0.15,74.8,0.13,29300,330,427,2.79
C283,80.388,-68.788,279.3,9.3,10.2,120,16.4,1.24,1.2,0.99,68.7,0.52,24500,2710,82,1.85
C284,80.392,-67.95,283.8,6.4,5.3,36,6.5,1.33,1.17,0.56,5.3,1.27,9200,1820,22,1.11
C285,80.393,-67.765,278.6,8.1,4.4,176,,,1.57,1.27,26.8,0.84,0,0,50,1.65
C286,80.418,-69.672,245.5,13,8.6,113,18,0.39,1.28,0.28,61.1,0.37,30600,630,201,2.34
C287,80.446,-67.828,279.9,5.3,7.9,76,7.8,0.84,0.88,0.42,14.6,0.39,6300,1210,76,1.45
C288,80.45,-67.669,284.4,17.4,6.9,172,17.6,0.14,1.24,0.13,50.9,0.06,28100,350,579,2.32
C289,80.484,-67.779,284,16.9,10.5,171,23.7,0.12,1.8,0.1,116,0.08,79900,250,797,2.77
C290,80.495,-69.706,244.7,12.9,7.8,100,16.6,0.46,2.18,0.75,110.1,0.72,82000,1660,86,2.65
C291,80.52,-67.969,282.5,11.1,6.3,114,12.5,0.33,2.16,0.16,176.8,0.23,60800,470,306,5.73
C292,80.524,-68.47,244.1,12.1,6.8,114,14.3,0.17,1.62,0.09,61.6,0.04,39000,240,638,3.4
C293,80.534,-68.574,250.4,7.1,5.1,14,6.4,0.88,0.99,0.34,10.8,0.36,6500,1220,75,2.15
C294,80.534,-67.579,285.3,9.2,5,104,7.6,0.4,0.82,0.21,18,0.13,5300,590,163,2.02
C295,80.538,-68.803,281.6,11.3,5.3,118,10,0.3,1.47,0.3,16.5,0.25,22700,730,155,1.47
C296,80.554,-67.608,279.7,7.2,5,98,6,0.47,0.88,0.22,11.7,0.16,4900,610,120,1.71
C297,80.556,-69.693,237.7,13.6,8.1,120,17.7,0.18,2.19,0.17,140,0.28,88300,350,428,4.33
C298,80.559,-65.726,289.2,4,2.1,112,,,1.11,0.32,4.9,0.57,0,0,36,2
C299,80.563,-68.063,286.9,5.5,4.8,3,3.8,1.25,1.19,0.29,10.8,0.26,5600,1350,86,2.01
C300,80.563,-65.693,291.4,8.9,1.6,45,,,1.2,0.34,9.1,0.61,0,0,85,1.35
C301,80.571,-68.075,278.3,22.5,6.7,30,19.8,0.18,1.75,0.17,41.8,0.16,63300,440,372,1.44
C302,80.578,-67.987,284.3,11,4.8,5,7.1,0.86,1.54,1.2,37.1,1.46,17400,2710,15,2.41
C303,80.614,-68.086,285.4,13.4,5.9,105,13,0.25,1.29,0.24,15.3,0.14,22500,530,159,1.46
C304,80.623,-68.036,286.1,5.8,5.2,171,5.6,1.14,0.77,0.6,7.5,0.76,3400,1790,33,1.13
C305,80.639,-68.558,250.8,7.3,4.8,179,4.8,0.9,2.14,0.48,10.8,0.58,22900,1260,46,1.27
C306,80.654,-68.051,281.4,5.4,4.4,107,,,0.89,0.66,4.6,0.68,0,0,26,1.03
C307,80.674,-68.374,254.5,8.3,5.4,30,8.5,0.38,1.4,0.27,18.5,0.22,17200,670,125,2.1
C308,80.674,-67.937,282.4,4,5.3,148,,,1.02,0.54,3.7,0.65,0,0,33,0.89
C309,80.685,-67.12,294.1,8.4,7.8,127,12.7,0.3,1.32,0.14,41.3,0.06,23000,430,376,2.33
C310,80.695,-65.682,294.7,14,6.6,54,15,0.24,1.58,0.09,85.4,0.05,38800,280,645,3.81
C311,80.698,-69.702,249.3,10.2,7,156,13.1,0.55,0.77,0.61,8.7,0.62,8100,1500,44,1.13
C312,80.7,-68.113,279.9,5.9,5.2,90,5.6,1.09,0.45,0.79,3.1,0.77,1200,1900,28,1.03
C313,80.713,-67.996,272.4,13.4,8.4,11,18.1,0.32,1.95,0.28,27.3,0.24,71400,720,143,1.53
C314,80.716,-66.676,293.8,6.1,5.1,99,5.7,1.08,0.98,0.43,15.3,0.89,5700,1340,53,1.9
C315,80.726,-66.686,290,5.8,5.6,102,6.4,0.79,1.16,0.36,13,0.23,9000,960,93,1.95
C316,80.737,-68.092,284,10.3,5.6,73,10.3,0.26,1.39,0.25,32.3,0.23,20600,610,219,1.88
C317,80.746,-68.065,274.8,11.6,7.3,45,14.9,0.19,2.3,0.09,171.8,0.03,81900,270,896,6.11
C318,80.753,-67.127,285.4,9.1,4.8,167,5.9,0.5,1.15,0.28,12.5,0.26,8100,740,119,1.43
C319,80.756,-68.048,281.9,12.2,5.3,10,10.2,0.95,0.97,0.5,17.7,0.73,10000,1370,23,1.5
C320,80.758,-68.321,262.5,12.6,6,31,12.9,0.34,1.18,0.27,13.6,0.28,18600,610,115,1.38
C321,80.77,-68.553,254.8,5.7,4.5,12,,,0.92,0.5,4.7,0.41,0,0,28,1.76
C322,80.772,-71.654,222.2,15.5,7.1,57,17.1,0.42,1.33,0.54,57.6,0.56,31300,1160,78,1.88
C323,80.778,-67.103,268.7,9.2,6.1,32,10.7,0.34,1.25,0.26,14.1,0.14,17500,750,136,1.7
C324,80.795,-67.079,285.8,13,5,36,9.2,0.26,0.46,0.35,9.3,0.2,2100,680,86,1.64
C325,80.803,-66.711,293.6,16.7,8.8,107,21.1,0.21,1.41,0.13,113.5,0.12,43600,330,496,3.16
C326,80.808,-68.003,279.3,14.2,9,124,19.4,0.25,2.44,0.22,139.9,0.18,120600,560,343,3.34
C327,80.841,-68.062,284.6,6.6,5.6,43,7.4,0.72,2.8,0.24,20,0.38,60100,1030,124,1.37
C328,80.854,-68.335,255.8,8.6,5.2,178,7.8,0.57,0.77,0.45,6.3,0.54,4900,1110,56,2.05
C329,80.857,-67.976,282.1,17.2,5,57,10.8,0.48,1.53,0.53,52,0.42,26400,1150,86,2.27
C330,80.867,-68.293,258.5,11.6,6.8,9,14,0.27,1.09,0.29,15.9,0.32,17400,730,152,1.35
C331,80.868,-71.635,222.9,8.9,5.5,35,9.1,0.44,0.88,0.37,25.5,0.39,7300,810,102,2
C332,80.868,-68.073,291.3,14.2,5.7,50,12.7,0.35,1.88,0.33,20.4,0.27,46700,860,96,1.38
C333,80.883,-68.031,276.9,6.9,5.5,113,7.4,1.16,0.92,0.79,19,0.79,6500,2130,55,1.82
C334,80.925,-67.873,275.3,6.2,4.7,147,3.9,1.21,0.71,0.86,7.9,0.81,2000,2090,35,1.13
C335,80.927,-67.946,277.6,9.5,5.6,125,9.8,0.81,1.3,0.48,19.5,0.69,17300,1580,57,2.31
C336,80.93,-68.018,283.2,12.3,8.8,46,17.7,0.22,1.92,0.13,125.6,0.14,68100,380,523,3.36
C337,80.933,-67.879,279.3,8.9,5.2,125,8,0.47,1.18,0.35,18.9,0.4,11700,710,126,1.41
C338,80.964,-69.648,249.1,15,6.7,42,16,0.3,1.79,0.49,61.5,0.36,53400,930,112,2.89
C339,81.003,-68.423,255.7,10.7,6.7,88,13.1,0.66,0.77,1.19,19.5,1.45,8100,2440,36,1.92
C340,81.003,-68.254,255.1,7.9,3.7,87,,,0.6,0.77,2,0.52,0,0,28,1.21
C341,81.004,-68.454,256.4,4.2,4.5,86,,,1.41,0.64,6.4,0.97,0,0,31,1.04
C342,81.011,-68.007,284.8,7.1,6.1,62,8.9,0.94,1.49,0.73,15.9,0.66,20400,1700,46,1.3
C343,81.02,-68.247,253.3,6.7,3.3,88,,,0.53,0.61,2.7,0.55,0,0,33,1.5
C344,81.025,-71.564,229.3,6.3,4.2,18,,,0.54,0.99,11,0.98,0,0,37,1.12
C345,81.044,-67.456,289.2,8.3,5.7,175,9.1,0.37,1.37,0.22,29.5,0.12,17900,560,217,2.57
C346,81.057,-68.476,249.6,16.9,7.7,6,19.2,0.14,1.38,0.17,43.1,0.09,38100,440,335,2.5
C347,81.068,-69.648,251.9,14.7,7.7,75,17.7,0.21,2.38,0.14,94.2,0.14,104300,430,322,3.69
C348,81.084,-70.469,234,9.7,7.2,2,13,0.18,1.02,0.15,36,0.07,14000,390,303,3.02
C349,81.098,-69.687,263.1,8.8,7.3,76,12.4,0.21,2.73,0.12,86.9,0.07,95600,340,458,3.8
C350,81.101,-68.436,259.8,13.4,9.7,110,19.8,0.18,2.11,0.12,193.6,0.12,91600,300,656,3.74
C351,81.115,-69.675,268.8,7.4,3.9,1,,,0.31,1.06,1.7,0.78,0,0,17,1.19
C352,81.13,-71.544,225.8,13,7.3,147,15.8,0.13,1.71,0.17,46.2,0.12,48000,400,388,1.87
C353,81.157,-69.239,259.8,7.8,5.7,143,8.9,1.15,1.9,0.66,20.6,0.97,33200,2080,15,2.05
C354,81.168,-69.257,260.1,16.2,6,143,14.7,0.73,1.88,0.72,46,0.89,53900,1870,29,1.99
C355,81.215,-69.669,266.5,10,4.1,152,,,3.4,0.61,54.2,0.91,0,0,34,2.18
C356,81.253,-68.486,257.1,9.3,5.1,13,7.7,0.25,1.21,0.14,45,0.09,11800,350,289,3.21
C357,81.255,-68.455,261.6,12.4,5.1,149,9.6,0.34,0.97,0.34,12.4,0.4,9300,840,92,1.3
C358,81.28,-69.675,263,7.1,6.5,139,9.5,0.31,1.58,0.19,81.8,0.17,24500,460,246,4.79
C359,81.295,-66.244,291.4,8.2,0.6,86,,,2.84,0.44,61.1,0.82,0,0,72,3.23
C360,81.313,-68.463,256.9,6.7,2.6,89,,,1.42,0.44,10.3,0.42,0,0,43,1.45
C361,81.313,-66.243,296.3,7.1,6.6,83,9.6,1.32,0.78,1.46,29.7,1.48,6100,3070,18,2.62
C362,81.34,-69.325,257.9,11.3,3,90,,,0.69,0.5,3.9,0.79,0,0,34,1.48
C363,81.375,-66.278,285.5,6.7,5.9,23,8.1,0.97,1.73,0.39,20.4,0.58,25100,1230,71,2.08
C364,81.378,-69.701,207.2,18.7,6.1,11,16.3,0.36,0.65,0.46,9.7,0.41,7100,1070,82,1.24
C365,81.38,-66.143,298,3.3,4.5,167,,,1.56,0.25,12.9,0.16,0,0,132,1.37
C366,81.383,-66.27,291.8,8.9,8.1,71,13.6,0.78,1.08,0.86,34,0.74,16500,1820,31,1.94
C367,81.387,-66.285,289.5,6.1,3.5,63,,,1.49,0.76,18.7,1.15,0,0,25,1.73
C368,81.405,-69.826,249.9,9.5,5.5,43,9.4,0.27,0.79,0.22,21.3,0.24,6100,500,175,1.91
C369,81.414,-66.251,291.8,9.1,9.9,66,15.8,0.67,0.6,1.09,28.3,0.8,5800,2190,42,2.51
C370,81.415,-69.307,260.1,9.3,7,52,12.5,0.22,0.84,0.25,25.3,0.22,9200,470,182,2.34
C371,81.425,-66.184,280.9,7.5,5.4,161,7.6,1.04,0.96,0.7,10.8,1.56,7300,1850,31,1.62
C372,81.43,-66.194,279.2,10.5,4.9,145,7.4,1.24,0.75,0.91,6.9,1.84,4300,1920,11,1.69
C373,81.436,-66.176,294.7,6.1,6,88,7.5,0.86,1.19,0.59,10.3,0.39,10900,1600,70,1.14
C374,81.447,-66.229,286.6,10.1,6.2,150,11.6,0.44,2.15,0.13,63.2,0.07,55800,480,410,3.6
C375,81.488,-66.126,284.1,9.4,5.4,71,9.2,0.44,0.6,0.38,8.8,0.25,3500,840,83,1.26
C376,81.508,-66.209,287.7,6,5.7,167,6.9,0.92,1.3,0.19,28.9,0.1,12200,1010,201,2.93
C377,81.522,-68.592,254.3,11.1,9.9,87,17.9,0.15,1.2,0.15,52.9,0.1,27000,350,396,2.57
C378,81.524,-66.157,285.3,9.5,7,150,12.7,0.34,1.55,0.13,39.7,0.06,31500,480,395,2.6
C379,81.541,-68.622,256.4,4.5,4.3,87,,,1.09,0.44,6.1,0.61,0,0,48,1.77
C380,81.577,-66.034,286.1,16.9,7.4,176,18.5,0.17,2.16,0.07,203.3,0.04,89600,240,1043,4.56
C381,81.584,-66.041,292.2,5.7,3.7,4,,,0.74,0.63,7.5,0.79,0,0,26,1.96
C382,81.6,-68.78,256.7,10.5,5.5,146,10.2,0.65,0.94,0.81,11.6,1.23,9400,1680,22,1.48
C383,81.604,-71.266,225.1,12.6,8.6,164,17.7,0.53,0.79,0.72,32,0.44,11500,1450,76,2.24
C384,81.604,-66.172,297.6,7.2,5.4,114,7.5,0.86,2.13,0.14,23.5,0.11,35300,940,275,2.07
C385,81.622,-68.806,256.4,9.6,7.9,30,14.1,0.5,1.26,0.7,30.4,0.61,23200,1490,58,1.77
C386,81.629,-71.223,223.2,10.2,6.4,0,12.1,0.27,1.05,0.29,21.2,0.22,13800,590,158,2
C387,81.69,-71.336,227.2,15.5,15.4,169,28.2,0.45,1.52,0.53,197.5,0.89,67200,1210,55,3.57
C388,81.698,-71.305,226.1,12.3,6.2,56,13,1.42,1.61,1.58,150.8,1.19,35100,3690,34,2.78
C389,81.713,-71.371,224.4,12.7,4.3,145,,,1.36,0.61,80.8,1.12,0,0,25,3.77
C390,81.718,-68.891,239.7,7.7,6.6,130,10.3,0.25,1.11,0.17,23.2,0.1,13100,450,228,2.34
C391,81.755,-71.29,228.2,18.2,5.8,57,15,0.75,2.24,0.74,37.3,2.55,78500,1750,12,2.96
C392,81.763,-71.151,229.7,5.2,3.5,141,,,0.84,0.53,4.4,0.58,0,0,40,1.37
C393,81.765,-71.398,224.5,20.9,7.9,174,21.8,0.35,1.31,0.38,146.5,0.55,39000,750,86,3.38
C394,81.812,-71.245,228.8,13.6,4.9,97,8.5,0.35,1.2,0.29,19,0.36,12800,740,119,1.96
C395,81.824,-71.205,229.1,12.5,7.3,58,15.4,0.19,1.51,0.23,34,0.18,36700,560,226,1.79
C396,81.837,-70.562,236.3,8.1,5.1,97,7.2,0.33,1.34,0.2,19.7,0.19,13300,470,188,1.65
C397,81.862,-70.606,238.4,9.8,7.9,151,14.3,0.13,1.78,0.1,41.8,0.06,46900,270,456,2.09
C398,81.872,-71.692,228.3,5.6,5,168,4.7,1.29,0.66,0.67,3.9,1.22,2100,1700,28,1.08
C399,81.873,-71.173,229.2,6.7,6,121,8.3,0.61,1.39,0.47,9.4,0.45,16500,1300,71,1.14
C400,81.953,-71.325,227,11.1,7.9,19,15.3,0.19,0.95,0.24,24.8,0.23,14600,520,224,1.47
C401,82.057,-69.883,249.8,12.6,8.7,26,17.8,0.11,1.26,0.12,88.5,0.05,29500,320,560,4.46
C402,82.059,-71.669,224.7,21.8,19.4,79,38.3,0.07,2.79,0.08,154.9,0.07,309100,180,1369,1.63
C403,82.371,-71.048,224.1,9,7.4,128,12.8,0.14,1.01,0.13,34.9,0.08,13700,260,316,2.99
C404,82.395,-71.15,227.3,10.1,5.4,105,9.6,0.44,1.6,0.3,14.4,0.32,25700,830,94,1.68
C405,82.455,-71.078,228.1,12.4,4.5,99,,,1.46,0.19,26.1,0.13,0,0,231,1.75
C406,82.584,-68.595,254.7,8.3,5.7,178,9.1,0.74,0.56,0.93,3.3,0.89,3000,2260,25,0.99
C407,82.592,-71.135,227.4,10.6,6.8,21,13.2,0.23,1.15,0.2,53.6,0.19,18100,460,187,3.02
C408,82.707,-71.142,226.5,9.6,4.9,34,7.2,0.86,1.94,0.92,64.5,1.05,28200,2280,41,2.76
C409,82.716,-68.629,256.9,13.1,5.5,171,11.6,0.27,1.49,0.23,41.1,0.22,26800,550,160,2.49
C410,82.717,-68.561,257.1,10,5.5,160,9.9,0.26,1.5,0.16,65.7,0.11,23100,380,283,3.32
C411,82.735,-71.112,229.7,12.4,7.6,28,15.9,0.19,2.2,0.2,139.2,0.26,80300,460,340,3.28
C412,82.737,-68.593,256.4,8.6,8.5,63,13.7,0.81,1.82,0.75,29.8,0.98,47400,2030,58,1.9
C413,82.768,-71.146,230,8.9,2,100,,,0.71,0.9,3.5,0.91,0,0,15,1.17
C414,82.787,-68.656,254.8,7.3,5,87,6.3,0.83,1.16,0.58,12.1,0.69,8900,1380,52,1.32
C415,82.825,-71.106,228.8,6.4,5.2,62,6.2,0.96,1.13,0.65,13.5,1.05,8200,1710,43,1.44
C416,82.842,-71.092,225.4,7.8,5.2,75,7.3,0.79,1.07,0.64,21.7,0.8,8800,1390,48,1.97
C417,82.852,-71.07,225.7,8.8,5.3,99,8.2,0.52,1.42,0.4,23,0.51,17300,970,73,2.07
C418,82.867,-71.127,227,11.9,8.9,98,17.5,0.32,1.05,0.37,48.5,0.3,20000,810,111,2.58
C419,82.871,-68.531,258.1,18.4,8.5,64,21.5,0.14,1.85,0.16,59.1,0.1,76400,400,461,2.59
C420,82.888,-67.753,285.9,12.2,6.5,147,13.7,0.49,1.59,0.42,50.1,0.45,36300,950,93,2.53
C421,82.889,-68.478,262.7,5.9,4.7,109,2.6,0.96,1.6,0.46,18.9,0.47,7000,1320,75,1.93
C422,82.913,-71.069,230.2,5.6,4.3,89,,,0.92,0.31,8.1,0.3,0,0,62,1.58
C423,82.925,-68.574,257.4,6.1,5.3,85,6.2,0.59,0.62,0.28,6.6,0.36,2500,870,78,1.37
C424,82.958,-67.732,284.5,11.5,4.1,46,,,1.49,0.43,43.2,0.56,0,0,53,2.29
C425,82.961,-68.469,264.9,9.9,6.2,50,11.5,0.48,1.47,0.44,31,0.61,26000,990,108,1.57
C426,82.992,-68.638,253.2,7.7,6.3,7,9.7,0.67,1.22,0.44,7,1.13,15100,1070,51,1.1
C427,83.01,-68.47,260.5,14.1,9.6,72,20.3,0.23,2.53,0.17,80.3,0.23,135500,460,259,2.35
C428,83.014,-67.713,285.7,14.8,3.2,65,,,2.41,0.48,55.1,0.62,0,0,64,1.98
C429,83.027,-69.778,265.4,6.7,4.6,142,,,0.81,0.27,7.7,0.38,0,0,79,1.6
C430,83.036,-67.771,287.3,10.5,7.4,22,14.1,0.6,0.75,0.47,10,0.51,8300,1110,57,1.51
C431,83.046,-66.412,287.1,5.7,3.3,52,,,1.26,0.4,8,0.5,0,0,81,1.13
C432,83.049,-71.231,224.7,11.9,7.9,56,16.1,0.11,1.75,0.07,159.3,0.04,51400,200,857,5.13
C433,83.051,-68.443,260.8,9.9,4.9,28,7,0.76,0.55,0.85,3,1.12,2200,1860,16,1.15
C434,83.065,-68.409,254.4,23.9,4.6,109,,,0.59,0.64,18.4,0.41,0,0,140,1.61
C435,83.073,-68.634,252.2,8.9,6.3,91,10.9,0.55,1.21,0.45,13.3,0.64,16500,1020,54,1.28
C436,83.093,-68.673,253.7,13.6,6.2,7,13.9,0.17,2.05,0.13,40.3,0.09,60500,360,388,2.15
C437,83.105,-69.764,266.8,7.2,4.8,98,5.3,0.49,0.9,0.18,16.2,0.08,4500,730,162,2.75
C438,83.125,-66.453,289.2,9.7,7.1,82,12.9,0.25,1.58,0.12,41.4,0.05,33700,330,419,2.72
C439,83.128,-67.689,289.3,7.8,6.4,49,10.1,0.51,1.7,0.22,36.2,0.24,30500,670,152,2.45
C440,83.167,-71.228,224.5,10.1,5.2,58,8.7,0.85,0.92,0.77,11,0.81,7700,2100,27,1.7
C441,83.214,-67.682,287.7,10.4,7,134,13.4,0.54,1.95,0.37,39.6,0.35,53000,880,92,2.22
C442,83.215,-67.5,278.8,7.5,6.4,12,9.7,0.46,2.56,0.11,59,0.06,66400,510,596,2.35
C443,83.219,-69.772,264.2,7.8,5.6,90,8.5,0.25,1.65,0.19,28.6,0.07,24000,450,310,2.69
C444,83.24,-68.967,252.1,18.9,9.2,116,23.1,0.15,2.07,0.13,76.4,0.08,103000,300,505,2.75
C445,83.241,-67.709,283.1,6.7,6.1,23,8.4,0.71,1.65,0.31,18,0.25,23500,980,113,1.67
C446,83.629,-68.21,276.5,10.7,7.7,179,14.7,0.16,1.4,0.13,38.2,0.06,29800,330,400,2.4
C447,83.756,-67.519,286.8,10.5,5.5,96,10.1,0.49,1.2,0.43,17.4,0.35,15200,1020,95,1.15
C448,83.787,-69.075,256.5,8.4,6.4,136,10.6,0.2,1.77,0.17,36,0.06,34800,360,390,2.31
C449,83.805,-68.222,275.6,9.8,6.2,102,11.3,0.25,0.81,0.24,15.2,0.16,7800,500,138,1.73
C450,83.808,-69.038,254.3,11.5,5.8,23,11.7,0.34,2.64,0.24,12.7,0.24,85200,640,131,1.2
C451,83.84,-67.588,282.3,13.9,8.7,28,18.8,0.17,2.92,0.14,66.3,0.1,167000,350,484,1.81
C452,83.841,-67.628,282.1,6.8,5,18,5.9,0.58,1.36,0.21,15.9,0.21,11400,620,127,2.1
C453,83.85,-70.731,242.3,4.3,3.1,69,,,0.89,0.43,3.7,0.46,0,0,44,1.13
C454,83.853,-69.069,251.8,8.9,5.3,84,8.3,0.62,2.22,0.29,10.5,0.58,42800,920,114,0.77
C455,83.872,-70.759,268.3,12.4,4.4,6,,,2.29,0.15,32.4,0.13,0,0,310,1.7
C456,83.885,-68.743,249.6,6,3.8,53,,,1.67,0.57,9.1,0.58,0,0,32,1.45
C457,83.891,-69.2,251.4,5.8,3.1,149,,,1.25,0.49,6.1,0.43,0,0,34,1.56
C458,83.927,-70.709,239.7,13.8,6,21,13.3,0.11,1.17,0.15,33.6,0.08,19100,310,363,2.27
C459,83.949,-69.212,239.8,7.7,6.2,67,9.6,0.22,1.62,0.17,34,0.1,26400,400,262,2.61
C460,83.956,-70.781,221.5,8.3,6.1,10,10,0.3,1.1,0.28,9.1,0.33,12500,650,115,1.17
C461,83.956,-69.635,256.5,6.9,5.3,112,7,0.52,1.68,0.22,16.3,0.22,20600,610,152,1.32
C462,83.969,-69.04,259.1,11.7,11.2,80,20,0.09,2.5,0.07,111.4,0.04,129800,190,1257,2.23
C463,83.974,-68.743,249.4,9.1,6.9,67,12.2,0.3,1.62,0.23,38.5,0.19,33400,580,200,2.08
C464,83.981,-67.58,282,6.6,6.1,77,8.3,0.67,1.46,0.42,6.8,0.51,18300,1130,56,1.18
C465,83.996,-67.543,285.6,6.7,5.2,60,6.4,0.76,1.36,0.39,11.7,0.33,12200,1260,89,1.37
C466,84.005,-69.652,249.4,5.6,3.6,136,,,0.78,0.34,5.8,0.49,0,0,59,1.39
C467,84.027,-69.687,258.7,8.9,6.2,154,10.8,0.24,1.13,0.17,21.8,0.2,14300,440,189,1.69
C468,84.045,-69.018,265.5,10.9,3.8,101,,,2.56,0.23,16.7,0.24,0,0,146,1.38
C469,84.051,-69.034,273.1,9.7,6.8,66,12.4,0.23,2.09,0.2,29.3,0.2,56100,460,273,1.4
C470,84.061,-70.733,237.6,11.1,7.1,154,14.1,0.12,2.29,0.11,53.6,0.06,77100,300,546,2.15
C471,84.232,-69.848,257.5,8.4,3.7,160,,,1.23,0.32,8.4,0.41,0,0,98,1.03
C472,84.274,-69.8,251.5,8.7,6.1,13,10.2,0.25,1.76,0.21,53.5,0.26,33000,450,210,2.75
C473,84.294,-69.74,253.2,10.3,4.6,126,,,1.72,0.3,22,0.28,0,0,122,1.74
C474,84.294,-66.319,288.7,17.8,8.3,146,20.8,0.15,2.08,0.14,76.5,0.1,93700,320,639,1.78
C475,84.317,-66.321,283.6,6.1,3.8,145,,,0.94,0.43,7.2,0.38,0,0,59,1.47
C476,84.321,-69.779,254.7,11.6,4,48,,,2.74,0.69,34.7,1.05,0,0,31,2.22
C477,84.354,-69.741,234.7,25.2,7.4,70,22.8,0.23,1.72,0.29,66,0.23,70100,600,293,1.36
C478,84.366,-69.147,247.1,8.1,4.2,160,,,1.43,0.26,17.5,0.21,0,0,136,1.97
C479,84.397,-69.781,238.4,9.9,9.3,69,16.1,0.11,2,0.13,50.6,0.08,67100,310,531,1.87
C480,84.457,-69.751,236.7,5.9,3.7,77,,,3.15,0.37,7.7,0.77,0,0,55,0.99
C481,84.486,-69.58,262.7,7.4,4.7,128,4.5,1.13,1.6,0.66,21.1,1.23,11900,1900,42,1.66
C482,84.491,-69.583,258.6,4.7,4.4,23,,,0.76,0.64,2.7,0.9,0,0,19,1.12
C483,84.493,-69.155,247.2,4.8,4.4,138,,,0.84,0.36,4.8,0.36,0,0,55,1.14
C484,84.51,-69.713,233.7,17.9,5.8,94,14.9,0.26,1.28,0.33,26.4,0.19,25400,630,161,1.48
C485,84.518,-70.099,249.1,6,6.3,1,7.8,0.58,2.19,0.26,14.5,0.26,38800,750,131,1.7
C486,84.538,-69.529,251.7,6.9,4.3,39,,,0.65,0.36,6.8,0.26,0,0,56,1.66
C487,84.546,-71.264,218,7.9,5.6,142,8.6,0.59,0.87,0.57,4.8,0.97,6800,1290,42,1.06
C488,84.564,-71.322,224.9,8.1,4.7,78,5,0.58,0.79,0.51,11.2,0.53,3200,1130,93,1.05
C489,84.573,-69.51,253.8,4.5,4.3,59,,,0.96,0.31,6.7,0.27,0,0,57,1.57
C490,84.574,-69.578,261.7,10.6,6.1,106,11.7,0.41,2.58,0.41,43.5,0.58,80500,900,106,1.93
C491,84.577,-71.269,215.5,10,3.2,131,,,0.65,0.52,6.1,0.57,0,0,44,1.21
C492,84.588,-70.046,240,12.2,5.9,174,12.3,0.38,1.61,0.4,27.4,0.45,33000,920,100,1.5
C493,84.604,-70.11,239.1,27.1,7.2,175,23.3,0.31,3.53,0.32,144.6,0.34,302400,830,207,2.48
C494,84.617,-71.3,219.6,9.8,7.6,176,13.8,0.28,0.83,0.38,16.8,0.41,9900,780,136,1.12
C495,84.638,-70.188,247.1,10.8,9.2,142,16.8,0.25,1.84,0.23,27.9,0.32,59000,570,232,1.37
C496,84.64,-69.277,250.5,8.7,4.7,9,5.1,0.35,1.48,0.27,17,0.24,11600,740,133,1.47
C497,84.643,-69.104,247.7,7.5,4.2,36,,,3.22,0.65,22.3,0.93,0,0,40,1.13
C498,84.645,-70.302,221.1,6.1,5.5,61,6.5,1.06,0.81,0.88,9.4,0.87,4400,2200,31,1.63
C499,84.659,-69.125,246.2,8,4.8,173,5.5,0.89,1.2,0.51,8.7,1.14,8200,1180,33,1.05
C500,84.661,-69.421,249.8,14.6,6.3,32,14.6,0.26,1.11,0.31,18.1,0.2,18600,660,176,1.69
C501,84.668,-70.165,233.7,11.5,5.3,17,10,0.78,1.74,0.47,57.6,0.72,31500,1220,75,2.33
C502,84.669,-70.292,218.6,9.2,8,139,13.8,0.25,0.83,0.25,25.9,0.48,10000,490,170,2.07
C503,84.672,-71.285,215.8,9.9,3.5,56,,,1.24,0.45,7.5,0.59,0,0,48,1.05
C504,84.675,-70.149,237.2,11.1,7.9,117,15.4,0.97,1.62,1.88,19.1,1.36,42400,3840,12,2.21
C505,84.676,-70.144,246.1,10.7,6.8,29,13.2,0.59,0.43,0.78,7.5,0.75,2600,1770,34,1.79
C506,84.676,-70.113,244.8,10.7,4.2,45,,,0.75,0.61,11.9,0.58,0,0,73,1.07
C507,84.681,-69.239,250.1,7.4,4.2,86,,,1.09,0.38,7.6,0.34,0,0,68,1.49
C508,84.687,-69.059,250.1,20.3,12.3,144,28.7,0.05,4.63,0.07,170,0.03,640500,140,2057,2.1
C509,84.706,-70.153,244.2,11.1,7.7,126,15.1,0.62,1.25,0.36,31.6,0.67,24600,1040,144,1.39
C510,84.722,-69.575,248.2,13.4,6,113,13.4,0.73,2.48,0.75,59.1,0.87,85600,1810,65,1.88
C511,84.729,-69.927,241.6,12.1,2.4,105,,,1.51,0.52,12.7,0.71,0,0,84,1.08
C512,84.735,-70.23,224.9,8.9,6,126,10.4,0.16,1.43,0.12,54.1,0.06,22100,290,394,4.1
C513,84.738,-69.581,252.2,10.7,4.9,145,7.3,0.81,3.44,0.73,38.6,0.63,89400,1520,29,2.11
C514,84.759,-69.757,218.5,7.4,5.5,131,8,0.76,1.22,0.61,10.1,0.65,12400,1460,46,1
C515,84.769,-69.505,256.1,13.4,9.2,52,19.2,0.19,1.96,0.18,61,0.22,76400,430,298,2.12
C516,84.778,-69.963,232,4,3.3,78,,,1.76,0.52,13.5,0.75,0,0,100,1.2
C517,84.798,-70.182,245.8,7.7,4.4,152,,,1.56,0.59,5.5,0.62,0,0,42,1.25
C518,84.8,-69.721,241.8,9.7,5.5,140,9.5,0.7,2.28,0.48,25,0.65,51600,1100,64,1.41
C519,84.81,-69.512,251.3,7.2,5.3,60,7.3,1.37,1.3,0.76,8.5,1.24,12800,2270,13,1.27
C520,84.812,-69.128,265.9,8.7,3.6,9,,,0.88,0.38,4.4,0.65,0,0,62,0.99
C521,84.819,-70.347,218.9,8.8,7.3,118,12.5,0.2,2.67,0.17,34.6,0.14,93100,340,318,1.27
C522,84.823,-69.019,255.9,7.6,8.2,46,12.2,0.46,0.82,0.9,9.9,0.46,8500,1880,96,0.75
C523,84.829,-69.92,232.8,11.9,9,133,17.5,0.26,2,0.19,64.9,0.24,73300,460,290,1.59
C524,84.846,-70.066,240.1,16.3,6.8,20,16.8,0.32,1.82,0.42,63.1,0.4,58000,900,229,1.07
C525,84.848,-69.665,241.2,8.3,7.3,48,11.9,0.6,2.5,0.33,56.6,0.38,77600,890,141,2.13
C526,84.848,-69.944,225,4.5,3.9,41,,,0.85,0.61,6.7,0.87,0,0,51,0.99
C527,84.85,-69.54,254.8,6.8,5.8,163,8,0.45,1.65,0.23,21.5,0.29,22500,650,138,1.79
C528,84.859,-69.721,238.1,5.8,6.6,119,7.7,1.34,0.7,1.04,3.8,0.79,3900,2310,19,2.14
C529,84.862,-69.601,241.2,7,7.2,79,10.3,0.44,1.17,0.36,11.5,0.41,14600,880,91,1
C530,84.867,-71.538,206.4,11.2,3.2,45,,,1.34,0.29,5.9,0.65,0,0,79,1.11
C531,84.88,-69.766,235.9,10.6,12.1,33,19.8,0.14,2.34,0.15,477.2,0.12,112800,360,847,5.3
C532,84.898,-69.816,231.4,8.1,5.7,69,9,1.25,1.08,0.77,7.4,0.8,10900,2380,33,0.98
C533,84.899,-70.134,232.2,28.9,15.8,16,39.7,0.06,5.85,0.04,753.2,0.04,1412700,120,3472,4.11
C534,84.908,-69.994,241.4,11,6.8,41,13.5,0.75,0.8,0.75,7.6,1.03,8900,1870,37,1.14
C535,84.909,-69.556,219.9,6.4,3.6,76,,,0.55,0.95,5.7,0.41,0,0,49,1.16
C536,84.913,-69.301,267.4,11.8,7.5,128,15.3,0.22,2.45,0.17,31.6,0.16,95600,420,280,1.81
C537,84.915,-71.529,213.2,9.2,3.4,118,,,1.26,0.49,3,0.49,0,0,31,0.77
C538,84.917,-69.646,237.2,8.7,6.2,51,10.7,0.62,2.12,0.39,64.7,0.51,50000,950,88,2.35
C539,84.925,-70.059,233.3,20.2,6.3,43,17.6,0.54,0.61,1.19,26.3,1.29,6800,2280,28,1.51
C540,84.925,-70.455,226.3,8.6,6.3,150,10.7,0.39,2.84,0.21,21.8,0.26,89700,710,165,1.33
C541,84.926,-69.98,237.4,11.9,7.5,41,15.5,0.16,1.42,0.15,43,0.19,32500,300,404,2.21
C542,84.93,-69.485,224.1,7.6,4.9,63,5.7,0.78,1.05,0.42,8.6,0.34,6500,1070,73,1.31
C543,84.932,-69.796,239.4,10.7,7.6,174,14.6,0.52,1.62,0.58,74.6,0.66,39800,1260,90,2.22
C544,84.942,-70.321,244.2,9,7.5,148,12.9,0.3,1.51,0.22,21,0.26,30500,580,180,1.31
C545,84.945,-71.157,229.7,16.3,13.2,35,26.6,0.06,3.76,0.06,317.7,0.02,391400,160,2090,4.81
C546,84.952,-69.216,244,10,4.1,66,,,0.69,0.36,7.4,0.49,0,0,75,1.61
C547,84.963,-70.048,230.6,8.7,4.8,115,6,0.65,1.8,0.46,39.1,0.54,20400,1080,98,1.76
C548,84.965,-69.622,229.7,14.6,9.9,111,21,0.15,2.41,0.21,89.3,0.16,127400,520,498,1.69
C549,84.969,-70.235,214.6,4.6,4.4,102,,,1.63,0.56,7.8,0.45,0,0,38,1.22
C550,84.969,-69.427,239.7,4.3,4,4,,,0.63,1.1,6.3,0.87,0,0,41,1.02
C551,84.971,-70.458,231.6,8.5,3.9,86,,,1.12,0.49,6.5,0.79,0,0,46,0.99
C552,84.976,-69.584,227.4,10.3,7,178,13.2,0.43,1.64,0.35,19.6,0.3,37100,910,89,1.75
C553,84.977,-70.184,232.3,9.5,3.2,10,,,1.5,0.32,10.1,0.36,0,0,51,1.14
C554,84.997,-70.266,245.8,5.9,3.8,162,,,2.13,0.35,8,0.5,0,0,78,1
C555,85.001,-69.938,231.7,6.5,3.3,40,,,0.95,0.69,4.5,0.64,0,0,41,1.27
C556,85.003,-69.993,231.5,11.9,3.5,9,,,1.22,0.47,14.8,0.29,0,0,81,1.3
C557,85.004,-71.105,260.8,10.5,5.7,146,10.8,0.39,1.42,0.28,17.7,0.23,22500,700,169,1.31
C558,85.004,-69.311,265.2,6.1,4.8,135,4.5,0.66,0.86,0.28,10,0.17,3500,860,102,1.77
C559,85.013,-70.247,248.8,8.4,4.9,59,6.2,0.34,1.14,0.26,10.6,0.39,8500,590,120,1.34
C560,85.014,-69.636,225.1,5.2,5.5,77,5.1,1.16,0.77,0.65,4.5,1.01,3100,1690,38,0.94
C561,85.018,-71.205,230.1,14.6,7.5,60,17.3,0.32,2.04,0.49,49.9,0.32,74600,1090,166,1.44
C562,85.019,-71.467,215.5,9.2,4.2,31,,,2.32,0.43,8.2,0.7,0,0,67,0.99
C563,85.025,-71.554,210.6,11.5,6.6,7,13.4,0.18,2.21,0.2,42.6,0.19,68000,500,288,1.92
C564,85.027,-71.546,216.7,7.5,6.6,54,10.2,0.78,1.13,1.1,15.9,0.8,13400,2490,55,1
C565,85.027,-70.828,230.7,5.7,4.6,175,,,0.88,0.35,5.5,0.52,0,0,72,1.58
C566,85.029,-69.906,231.6,7.2,3.5,135,,,0.88,0.47,8.6,0.86,0,0,48,0.96
C567,85.031,-69.958,226.2,8.1,6.1,134,9.9,0.4,1.6,0.35,16.3,0.41,26200,880,161,1.4
C568,85.042,-69.747,234.8,13.6,6.2,80,14,0.19,2.37,0.17,192.4,0.25,81500,410,388,3.98
C569,85.042,-69.231,262.2,12.8,5.3,121,10.6,0.4,2.16,0.48,12.3,0.44,51400,1000,76,0.93
C570,85.046,-69.682,236,6.1,4.5,9,,,1.38,0.21,11.5,0.35,0,0,98,1.48
C571,85.057,-70.574,237.2,6.8,3.6,170,,,1.99,0.53,7.7,0.38,0,0,66,0.9
C572,85.067,-70.69,227.8,9.1,4.4,91,,,1.89,0.29,26.8,0.48,0,0,207,1.97
C573,85.071,-69.296,282.2,4.7,5.7,163,3.6,1.4,1.4,0.36,19,0.41,7400,1660,130,1.09
C574,85.072,-71.19,212.8,6.5,5.7,47,7.5,0.85,1.48,0.51,24.7,0.4,17100,1500,94,1.47
C575,85.095,-71.22,216.9,12.3,6.3,174,13.3,0.18,1.28,0.21,38.7,0.12,22400,480,247,2.08
C576,85.095,-69.05,266.6,10.9,7.1,30,14,0.28,1.01,0.36,14,0.26,14800,660,130,1.29
C577,85.105,-69.672,233,7.3,3.7,74,,,1.2,0.74,9.5,0.52,0,0,66,1.07
C578,85.111,-69.086,276.3,11.7,7.7,120,15.6,0.31,0.78,0.27,16,0.37,10000,590,150,1.16
C579,85.112,-70.525,237.3,8.4,4.4,101,,,0.84,0.75,5.9,0.73,0,0,17,1.19
C580,85.113,-69.988,236.3,13.6,5.8,106,12.7,0.46,1.05,0.42,19.8,0.29,14400,860,144,1.39
C581,85.115,-69.926,237.9,6.6,4,155,,,1.06,0.62,10.3,0.74,0,0,77,1.16
C582,85.135,-69.011,278.5,8.9,5.8,11,9.9,0.24,1.65,0.14,33.3,0.08,28200,360,313,2.41
C583,85.142,-69.103,272.6,6.7,5.9,151,8,0.6,1.41,0.47,9.1,0.54,16600,1090,80,1.01
C584,85.148,-70.622,232.4,12.6,9.5,106,18.9,0.2,1.94,0.2,56.6,0.19,74300,490,486,1.66
C585,85.165,-70.53,244.5,6.5,5.8,142,7.7,0.48,2.09,0.23,29.9,0.27,34900,690,165,2.24
C586,85.17,-70.551,228.7,11.8,7.3,57,14.9,0.27,1.84,0.24,33.4,0.25,52600,620,161,1.47
C587,85.184,-70.465,229.2,14.4,7.9,172,17.9,0.46,1.2,0.51,115.8,0.59,26600,1080,93,3.67
C588,85.19,-70.587,230.3,9.5,5.8,57,10.3,0.25,1.47,0.23,16.4,0.26,23200,560,167,1.48
C589,85.191,-70.041,233.5,5.2,3.7,90,,,1.09,0.54,3.9,0.62,0,0,48,0.94
C590,85.199,-70.272,227.7,14.2,7.5,36,17,0.39,2.07,0.3,65.4,0.37,75500,810,165,1.69
C591,85.199,-70.425,230.2,14.4,5.9,19,13.5,0.44,1.61,0.38,97.6,0.63,36400,870,94,3.3
C592,85.21,-70.549,235.2,10.5,5.9,134,11.2,0.24,2.89,0.18,64.6,0.2,97400,490,346,1.9
C593,85.211,-70.664,213.7,8.1,5.7,14,9.1,0.4,0.47,0.56,5.7,0.35,2100,1230,52,1.17
C594,85.23,-70.733,237.6,11.1,8.4,7,16.1,0.09,2.27,0.07,100.9,0.04,86300,190,832,3.58
C595,85.231,-69.753,232.1,14.3,5.2,160,11,0.14,2.09,0.17,39,0.08,50000,410,352,1.97
C596,85.244,-70.973,217.6,10,5.4,47,9.4,0.22,0.89,0.22,12.4,0.18,7700,530,149,1.55
C597,85.249,-70.386,230.2,15.8,9.6,180,21.6,0.18,1.76,0.2,243.9,0.33,69300,420,362,4.4
C598,85.251,-70.345,230,23,17.5,122,37.3,0.43,1.66,1.22,178,0.92,107300,2370,47,2.71
C599,85.276,-70.83,230.7,22.5,4.6,4,,,2.26,0.4,21.8,0.41,0,0,107,0.74
C600,85.277,-70.068,228.1,11.4,5,124,8.4,0.28,1.99,0.14,28.3,0.09,34500,400,300,2.05
C601,85.277,-70.871,236.3,10.5,6.7,5,12.8,0.69,1.75,0.74,31.3,0.65,40700,1610,66,1.26
C602,85.278,-70.781,230.3,15.6,5.1,124,11,0.39,1.28,0.37,15.8,0.24,18600,840,107,1.21
C603,85.286,-70.901,234,7.1,4.6,139,2.4,0.91,3.05,0.37,28.2,0.4,23100,1080,67,1.61
C604,85.287,-70.644,214.6,5.9,3.4,177,,,1.17,0.39,5.5,0.39,0,0,51,1.04
C605,85.29,-70.31,223.5,5.8,4.7,30,3.4,1.2,2.49,0.47,18.9,0.59,21600,1460,48,1.51
C606,85.321,-70.926,234.1,6.8,4,144,,,3.1,0.53,20.4,1.1,0,0,44,1.71
C607,85.326,-71.283,218.1,9.8,3.6,147,,,1.82,0.88,13,1.62,0,0,12,2.37
C608,85.341,-71.254,219.2,3.4,4.1,150,,,0.78,0.66,6.9,0.71,0,0,40,1.24
C609,85.354,-71.296,219.6,6.2,8.6,168,10.5,1.17,0.57,1.79,66.7,1.18,3500,3510,22,2.44
C610,85.374,-70.701,230.8,16.2,7.3,141,17.9,0.23,3.39,0.23,44.5,0.22,213800,630,313,1.27
C611,85.4,-71.317,221.1,6.2,4.8,139,4.4,1.26,1.79,0.59,15.8,0.9,14800,1830,35,1.74
C612,85.419,-71.401,215.8,9.3,5.6,91,9.7,0.47,1.19,0.33,11.5,0.24,14300,860,81,1.64
C613,85.421,-70.726,224.1,8.4,5.8,161,9.4,0.39,1.75,0.31,21.6,0.54,30200,810,157,1.05
C614,85.424,-68.976,252.3,12.4,8,26,16.6,0.14,1.39,0.13,34.5,0.12,33600,270,379,1.56
C615,85.431,-70.465,232.6,10.9,8.4,153,15.8,0.16,2.07,0.14,42.5,0.13,70500,360,425,1.54
C616,85.441,-70.887,221.5,5.9,3.4,123,,,0.68,0.47,3.7,0.54,0,0,41,0.75
C617,85.474,-70.811,218.4,15.7,8.4,140,19.6,0.12,2.49,0.13,56.6,0.13,126300,280,553,1.46
C618,85.478,-70.109,244.5,6.1,5.5,74,6.5,0.71,1.53,0.4,10.3,0.33,15900,1010,77,1.25
C619,85.484,-70.744,227,5.4,4.3,90,,,0.72,0.51,2.6,1.17,0,0,30,0.75
C620,85.496,-70.903,222.1,6.1,8,20,9.8,0.62,2.39,0.3,16.9,0.32,57900,940,157,0.91
C621,85.507,-70.493,230.3,12.5,4.9,39,8.3,0.46,1.05,0.47,6.9,0.84,9600,1070,87,1.15
C622,85.508,-71.333,211.5,5.7,5.1,24,5,1.03,1.18,0.53,5.6,0.65,7300,1620,41,1.04
C623,85.513,-70.585,220.5,3.8,3.2,143,,,1.6,1.28,7.3,0.52,0,0,46,1.09
C624,85.572,-70.795,225.2,5.7,4.7,23,3.3,1.12,0.7,0.58,7,0.58,1700,1760,37,2.04
C625,85.584,-71.372,218.6,14.4,6.6,40,15.4,0.16,1.75,0.22,38.7,0.18,49200,460,268,1.95
C626,85.604,-71.311,216.3,13.7,8.1,27,17.7,0.13,1.65,0.14,51,0.11,50500,340,409,2.07
C627,85.633,-71.348,215.6,8.8,3.5,33,,,0.85,0.72,6.1,0.83,0,0,19,1.06
C628,85.656,-71.299,210.6,7.7,3.1,133,,,1.14,0.59,4.7,0.98,0,0,15,1.14
C629,85.709,-69.728,227.7,12.3,6,3,12.5,0.26,1.66,0.23,30.5,0.16,36000,590,175,2.39
C630,85.757,-69.269,239.9,9.5,5.2,41,8.3,0.69,1.12,0.62,11.8,1.22,10900,1360,31,2.22
C631,85.758,-69.733,225.2,4.7,4.2,7,,,1.19,0.78,7.4,0.61,0,0,46,1.54
C632,85.76,-69.753,241.4,9.4,4.8,117,5.7,0.27,1.93,0.23,24.4,0.12,22200,520,201,2.34
C633,85.778,-69.272,242.5,4.6,2.7,104,,,0.81,1.31,4.2,1.7,0,0,13,1.72
C634,85.799,-69.339,247.7,6.7,5.6,89,7.6,0.38,1.15,0.23,13.6,0.14,10500,610,144,1.6
C635,85.874,-69.431,249.1,16.9,8.4,152,20.4,0.08,1.93,0.09,104.1,0.04,78800,190,850,3.13
C636,85.905,-71.17,214,7.3,4.7,5,4.7,0.61,0.77,0.43,5.5,0.47,2800,1060,44,1.05
C637,85.905,-69.497,250.2,8.8,5,179,7.2,0.47,0.55,0.3,8.3,0.56,2200,740,75,1.31
C638,85.974,-71.132,222.2,10,7.7,136,14.2,0.25,1.78,0.27,66.8,0.35,46700,610,176,2.66
C639,85.978,-71.124,218.8,13,4.8,85,7.5,0.85,0.3,1.41,16.4,1.52,700,2900,24,1.65
C640,85.986,-69.267,243.7,10.7,10.3,174,17.9,0.15,1.34,0.13,37.1,0.09,33400,280,387,2.04
C641,86.004,-69.352,234,10.4,9.1,15,16.4,0.79,0.75,0.95,22.5,2.22,9700,1980,25,1.93
C642,86.005,-69.377,234.3,14.1,6.1,170,14,0.41,2.63,0.28,170.7,0.49,100800,670,159,2.91
C643,86.05,-69.312,251.3,9.5,4.1,19,,,1.28,0.24,11.2,0.24,0,0,109,1.75
C644,86.091,-71.454,223.7,27,4.9,117,13,0.3,1.53,0.29,31.3,0.32,31700,610,130,1.45
C645,86.092,-69.808,229.6,5.7,4.5,50,,,0.92,0.44,5.1,0.4,0,0,66,1.16
C646,86.095,-71.427,217.3,12.4,5,87,8.8,0.37,0.5,0.58,8.6,0.38,2300,1140,57,1.12
C647,86.098,-71.044,219.8,7.6,6.1,127,9.3,0.25,1.68,0.17,26.7,0.13,27400,390,267,1.84
C648,86.099,-69.438,229.8,13.4,5.3,4,10.9,0.9,2.18,0.82,102.9,1.94,53700,1470,18,5.79
C649,86.125,-71.478,219.1,12.5,8.9,167,18,0.13,2.05,0.11,76.3,0.13,79100,270,558,2.02
C650,86.14,-69.427,228.3,27,10.6,45,30.6,0.85,1.78,1.06,422.2,1.23,100600,2340,74,5.77
C651,86.142,-69.745,236.6,12.7,7.8,147,16.5,0.25,1.43,0.41,17.8,0.36,34900,800,197,1.35
C652,86.225,-69.357,227.9,16.2,11.2,171,24,0.07,2.36,0.08,269.7,0.05,139700,190,1287,3.42
C653,86.232,-69.853,241,9.5,2.1,178,,,1.64,0.88,6.8,0.96,0,0,36,0.9
C654,86.236,-69.427,224.4,13.9,6.5,89,14.9,0.82,,,9.7,1.44,0,0,11,2.18
C655,86.279,-69.849,235.4,12.8,5.2,161,10.1,0.68,0.84,0.7,1.7,0.77,7400,1600,27,0.89
C656,86.318,-69.808,228.8,9.3,4.4,7,,,0.19,2.48,87.8,0.97,0,0,60,2.54
C657,86.339,-67.125,285.7,12.9,7.9,95,16.8,0.17,0.87,0.2,30.2,0.13,13300,440,266,1.95
C658,86.37,-69.835,226.5,11.3,9.7,88,18,0.18,1.56,0.17,104.3,0.19,45300,400,304,2.92
C659,86.41,-69.345,226.2,15.3,6.7,88,16.2,0.2,1.15,0.24,24.7,0.22,22300,610,206,1.93
C660,86.435,-67.154,284.5,9.3,4.6,178,3.1,0.39,1.25,0.27,12.1,0.5,5100,610,120,1.35
C661,86.505,-69.601,242.9,16.6,6.9,29,17.4,0.51,0.91,1.03,10.3,0.72,14900,2330,33,1.46
C662,86.523,-71.118,224.1,4.3,3.9,45,,,0.99,0.59,3.1,0.63,0,0,38,1.11
C663,86.524,-69.595,240.1,10.2,5.6,40,10.2,0.53,1.46,0.47,22.6,0.48,22500,1170,85,1.19
C664,86.548,-69.596,237.3,11.2,8.1,22,15.8,0.67,0.88,0.72,14.3,0.75,12700,1500,45,1.12
C665,86.567,-69.628,236,27.2,10,52,29.4,0.6,1.26,1.41,29.3,1.07,48800,2640,26,1.45
C666,86.59,-69.64,237.4,15.2,4.6,156,,,1.62,0.69,25.4,0.91,0,0,37,1.42
C667,86.606,-69.603,233.4,13.3,8.7,150,18.4,0.44,2.35,0.31,64,0.42,105500,890,104,2.1
C668,86.646,-69.58,231,7.5,4.7,53,4.8,0.49,1.14,0.31,26.5,0.58,6400,770,85,2.72
C669,86.659,-70.718,218.9,15.4,7.2,97,17.2,0.18,1.43,0.14,39.7,0.13,36900,310,359,1.71
C670,86.779,-69.838,226.3,12.1,4.7,170,6.5,0.32,0.73,0.28,9.8,0.36,3600,600,109,1.44
C671,86.784,-70.671,218.1,10.1,7.6,131,14,0.12,2.12,0.11,110.9,0.09,65500,260,520,3.22
C672,86.801,-70.769,222,12.2,9.1,38,18,0.2,3.04,0.19,88.1,0.21,172800,520,421,2.01
C673,86.827,-69.89,222.4,8.7,6.8,35,11.5,0.41,1.02,0.53,52.1,0.59,12400,1080,77,2.68
C674,86.838,-70.773,216.2,11.1,7,144,13.9,0.51,0.96,0.53,19.3,0.84,13200,1200,90,1.54
C675,86.853,-70.712,218.1,18.9,6.4,41,17.1,0.33,1.4,0.38,55.2,0.32,34800,990,120,2.28
C676,86.88,-69.875,219.9,9.8,3.6,108,,,3.45,0.71,71.2,1.06,0,0,43,2.33
C677,86.896,-69.973,224.2,9.3,7.8,55,13.6,0.15,1.8,0.12,39.2,0.09,45600,260,398,1.91
C678,86.9,-70.736,213.5,12.3,6.3,129,13.3,0.41,1.46,0.45,41.2,0.28,29500,1060,134,1.92
C679,86.941,-70.673,217.8,12,7.9,48,16.1,0.49,2.44,0.47,103,0.3,99400,1180,231,1.81
C680,86.941,-70.118,227,11.1,9.6,102,17.6,0.17,1.97,0.15,52.8,0.17,71500,390,375,1.63
C681,87.004,-69.915,223,13.8,9.6,20,20,0.18,1.62,0.26,75.6,0.25,54500,600,221,2.7
C682,87.039,-70.069,220.2,11.6,5.1,107,9,0.36,1.27,0.41,16.1,0.36,15300,920,124,1.22
C683,87.055,-70.652,217.8,10,7.1,158,13.2,0.16,2.94,0.22,74.6,0.19,118700,480,312,2.89
C684,87.06,-69.879,224.2,10.2,7.2,83,13.6,0.24,1.63,0.26,75.7,0.26,37400,540,200,2.95
C685,87.084,-70.616,212.8,11,8.2,26,15.7,0.21,2.04,0.21,32.7,0.23,68400,480,279,1.5
C686,87.098,-70.618,208,6.1,4.9,7,4.6,1.06,1.26,0.48,10,0.35,7600,1500,62,1.18
C687,87.1,-70.139,221.7,10.1,8.8,35,15.7,0.17,1.29,0.17,64.4,0.21,27200,380,253,3.11
C688,87.122,-70.12,224.2,11.4,8.5,164,16.5,0.8,0.47,1.54,19.2,1.23,3700,2750,15,2.19
C689,87.151,-70.101,226.6,8.6,6.1,48,10.3,0.56,1.19,0.53,37,0.53,15100,1230,71,2.71
C690,87.164,-70.578,208.2,10.7,5.8,169,11.1,0.25,1.24,0.22,23.9,0.2,17700,520,202,1.63
C691,87.178,-70.036,220.3,14.7,6,127,14,0.4,1.47,0.28,22,0.21,31400,670,135,1.56
C692,88.8,-68.103,278.1,6.4,4.7,148,3.8,0.72,0.99,0.36,11.1,0.35,3900,1050,78,1.86
C693,88.864,-68.146,285.8,12.2,9.5,134,18.5,0.96,1.68,0.62,72.3,0.9,54300,1760,46,2.72
C694,88.957,-68.175,283.9,13.9,8.1,151,17.9,0.27,1.36,0.39,106.2,0.32,34200,880,191,2.91