Identifier,,Lat,Lon,MajAxis,MinAxis,PosAng,VLSR,vel disp,d,Reff,N0H2,mass,density,n,alphavir,xrad,vel disp not fwhm
G104.767-03.132-041.32,,104.767,-3.132,204,55,93,-41.32,1.08,3.73,2.21,6.50E+20,520,33.8,166,5.7,4.2211,0.4586337722
G104.790+01.372-048.22,,104.79,1.372,109,40,162,-48.22,0.62,4.32,1.55,5.50E+20,244.2,32.4,228,2.8,2.9605,0.2632897581
G104.827+00.885-001.44,,104.827,0.885,182,149,75,-1.44,1.16,0.23,0.22,5.10E+20,4.8,32.7,1655,70.1,0.4202,0.4926066442
G104.833+00.155-065.87,,104.833,0.155,354,152,55,-65.87,1.33,5.91,7.82,7.70E+20,8169.8,42.5,59,2,14.9362,0.5647989972
G104.845-01.155-013.37,,104.845,-1.155,224,195,-161,-13.37,1.27,0.24,0.29,7.40E+20,8.5,31.9,1199,64,0.5539,0.5393193432
G104.863+01.003-050.03,,104.863,1.003,111,90,124,-50.03,1.05,4.48,2.51,5.60E+20,722.7,36.5,158,4.4,4.7941,0.4458939452
G104.913+02.753-024.20,,104.913,2.753,607,412,106,-24.2,0.82,1.73,4.93,9.80E+20,4327.6,56.6,125,0.9,9.4163,0.3482219381
G104.950+01.082-058.92,,104.95,1.082,146,45,126,-58.92,1.31,5.26,2.37,3.60E+20,254.7,14.4,66,18.4,4.5267,0.5563057792
G104.983-02.678-042.50,,104.983,-2.678,301,79,123,-42.5,1.2,3.82,3.34,8.00E+20,1117.6,31.8,103,5,6.3794,0.5095930802
G104.985+02.011-020.40,,104.985,2.011,409,272,-169,-20.4,2.23,1.73,3.29,1.60E+21,5038.7,148.2,492,3.8,6.2839,0.9469938073
G104.998+00.735-054.11,,104.998,0.735,221,55,175,-54.11,0.77,4.82,2.99,4.30E+20,587.6,20.9,76,3.5,5.7109,0.3269888931
G105.057+02.266-002.05,,105.057,2.266,287,101,159,-2.05,0.43,0.35,0.34,3.30E+20,7.6,20.7,659,9.5,0.6494,0.1826041871
G105.094+01.123-047.81,,105.094,1.123,496,281,-176,-47.81,1.9,4.27,9.11,1.40E+21,21978.9,84.3,101,1.7,17.4001,0.8068557103
G105.094-04.029-046.86,,105.094,-4.029,82,62,68,-46.86,1.9,4.18,1.64,7.00E+20,521.1,61.4,408,13.1,3.1324,0.8068557103
G105.098+00.853-047.35,,105.098,0.853,132,99,133,-47.35,1.05,4.23,2.72,6.50E+20,781.2,33.6,135,4.5,5.1952,0.4458939452
G105.142+00.322-069.25,,105.142,0.322,192,119,-140,-69.25,1.16,6.2,5.32,9.90E+20,5337.9,59.9,122,1.6,10.1612,0.4926066442
G105.151+03.434-009.98,,105.151,3.434,212,84,152,-9.98,0.53,0.24,0.19,1.30E+21,13.9,129.2,7631,4.3,0.3629,0.2250702771
G105.212+00.698-061.54,,105.212,0.698,120,51,178,-61.54,0.92,5.48,2.37,4.00E+20,445.7,25.2,116,5.2,4.5267,0.3906880281
G105.212-01.181-014.72,,105.212,-1.181,222,85,-174,-14.72,0.9,0.65,0.5,6.70E+20,30.4,38,822,15.5,0.955,0.3821948101
G105.230+00.787-052.97,,105.23,0.787,263,93,-173,-52.97,1.14,4.71,4.19,7.70E+20,3044.2,55.1,143,2.1,8.0029,0.4841134262
G105.231+00.479-051.08,,105.231,0.479,124,71,68,-51.08,1.5,4.54,2.38,4.70E+20,585.4,32.8,150,10.6,4.5458,0.6369913502
G105.247-00.284-034.00,,105.247,-0.284,98,67,176,-34,0.66,3.07,1.38,7.60E+20,313.4,52.1,411,2.3,2.6358,0.2802761941
G105.276-03.925-042.92,,105.276,-3.925,80,58,117,-42.92,1.16,3.83,1.43,4.80E+20,216.8,33.9,259,10.2,2.7313,0.4926066442
G105.296-00.420-007.10,,105.296,-0.42,149,30,102,-7.1,0.97,0.39,0.14,4.10E+20,1.6,25.7,1979,95.6,0.2674,0.4119210731
G105.308+02.241-059.99,,105.308,2.241,137,83,176,-59.99,0.68,5.32,3.18,5.00E+20,1125.6,35.4,121,1.5,6.0738,0.2887694121
G105.346+03.463-018.37,,105.346,3.463,100,44,139,-18.37,1.08,0.89,0.32,3.40E+20,6.6,20.3,689,66.1,0.6112,0.4586337722
G105.389+00.275-052.19,,105.389,0.275,1392,530,170,-52.19,2.96,4.63,22.71,1.70E+21,145560.9,89.8,43,1.6,43.3761,1.256996264
G105.391-02.630-040.79,,105.391,-2.63,101,65,-166,-40.79,0.86,3.64,1.64,8.60E+20,486.4,57.5,382,2.9,3.1324,0.3652083741
G105.426-00.750-036.49,,105.426,-0.75,175,147,-158,-36.49,1.22,3.27,2.98,8.60E+20,1276.5,45.8,168,4,5.6918,0.5180862982
G105.467+00.594-048.35,,105.467,0.594,257,84,146,-48.35,0.75,4.29,3.58,7.40E+20,2338.2,58.1,177,1,6.8378,0.3184956751
G105.499+03.745-064.36,,105.499,3.745,368,108,157,-64.36,3.68,5.7,6.48,1.30E+21,9961.8,75.6,127,10.2,12.3768,1.562752113
G105.518+03.123-064.86,,105.518,3.123,249,129,173,-64.86,1.34,5.75,5.86,4.70E+20,1561.6,14.5,27,7.8,11.1926,0.5690456062
G105.686+01.243-023.36,,105.686,1.243,194,134,96,-23.36,1.67,1.63,1.5,1.00E+21,607.7,86.4,631,8,2.865,0.7091837032
G105.691-01.341-008.22,,105.691,-1.341,1147,500,-138,-8.22,0.97,0.26,1.14,1.10E+21,108.5,26.7,256,11.3,2.1774,0.4119210731
G105.695+03.686-069.42,,105.695,3.686,222,89,131,-69.42,1.28,6.16,4.9,8.20E+20,4113.8,54.5,121,2.3,9.359,0.5435659522
G105.709+02.996-062.56,,105.709,2.996,239,73,137,-62.56,0.75,5.52,4.12,4.70E+20,1168.4,21.9,58,2.3,7.8692,0.3184956751
G105.715+01.729-068.89,,105.715,1.729,106,53,103,-68.89,0.89,6.12,2.52,7.60E+20,899.7,45.1,195,2.6,4.8132,0.3779482011
G105.743+03.172-062.30,,105.743,3.172,210,109,127,-62.3,1.51,5.5,4.72,6.60E+20,2073.6,29.6,68,6,9.0152,0.6412379592
G105.772-00.170-045.79,,105.772,-0.17,279,134,144,-45.79,1.02,4.04,4.45,1.50E+21,4106.3,65.9,161,1.3,8.4995,0.4331541181
G105.776+00.542-045.05,,105.776,0.542,172,39,173,-45.05,1.55,3.98,1.81,6.80E+20,436.9,42.3,254,11.6,3.4571,0.6582243952
G105.791+01.203-056.43,,105.791,1.203,283,83,-176,-56.43,1.49,4.97,4.32,4.80E+20,1198.6,20.4,51,9.3,8.2512,0.6327447412
G105.798-00.603-036.76,,105.798,-0.603,203,124,114,-36.76,1.6,3.27,2.94,1.50E+21,3382.1,124.5,462,2.6,5.6154,0.6794574402
G105.835+01.482-050.15,,105.835,1.482,141,50,-146,-50.15,1.03,4.41,2.07,3.70E+20,197.5,14.7,77,12.8,3.9537,0.4374007271
G105.873-00.622-055.03,,105.873,-0.622,179,115,174,-55.03,1.37,4.84,3.93,5.10E+20,1648.4,33.9,94,5.2,7.5063,0.5817854332
G105.896+01.034-050.56,,105.896,1.034,185,103,83,-50.56,1.42,4.45,3.48,1.00E+21,3056.6,80.5,253,2.7,6.6468,0.6030184782
G105.945-00.807-053.69,,105.945,-0.807,250,138,-162,-53.69,0.88,4.72,4.98,5.00E+20,2342.9,30,65,1.9,9.5118,0.3737015921
G105.973+05.018-045.29,,105.973,5.018,197,49,99,-45.29,1.38,3.96,2.19,8.70E+20,933.5,61.9,308,5.2,4.1829,0.5860320422
G106.019+05.215-043.73,,106.019,5.215,82,42,76,-43.73,0.9,3.83,1.2,4.50E+20,158.5,34.9,316,7.2,2.292,0.3821948101
G106.037+00.693-042.31,,106.037,0.693,151,62,-146,-42.31,1.53,3.72,2.02,7.70E+20,593.3,46.1,249,9.2,3.8582,0.6497311772
G106.064+01.491-023.45,,106.064,1.491,1226,344,-154,-23.45,2.3,1.73,6.4,1.30E+21,10975.2,85.2,145,3.6,12.224,0.9767200703
G106.074+01.746+000.82,,106.074,1.746,146,77,-147,0.82,0.81,0.23,0.14,4.50E+20,2,33.3,2653,52.9,0.2674,0.3439753291
G106.117+03.385-065.38,,106.117,3.385,157,71,98,-65.38,1.94,5.75,3.41,5.40E+20,1445.6,39.5,126,10.4,6.5131,0.8238421463
G106.122+00.579-002.93,,106.122,0.579,3283,705,-147,-2.93,1.26,0.41,3.56,9.60E+20,2121.2,53.3,163,3.1,6.7996,0.5350727342
G106.180+00.689-043.98,,106.18,0.689,168,52,141,-43.98,1.07,3.86,2.01,3.50E+20,171.9,13.6,73,15.4,3.8391,0.4543871632
G106.248-00.322-055.54,,106.248,-0.322,130,62,-166,-55.54,0.9,4.86,2.43,6.30E+20,998.1,53.7,241,2.3,4.6413,0.3821948101
G106.255-01.315-006.50,,106.255,-1.315,185,78,174,-6.5,1.74,0.24,0.16,6.10E+20,2.7,33.3,2261,207.5,0.3056,0.7389099663
G106.274+00.516-012.89,,106.274,0.516,342,68,-165,-12.89,0.61,0.38,0.33,5.40E+20,9.5,27.7,914,14.9,0.6303,0.2590431491
G106.280+01.696-052.49,,106.28,1.696,122,80,45,-52.49,1.28,4.58,2.53,7.20E+20,1118.7,55.5,239,4.3,4.8323,0.5435659522
G106.302+01.185-003.87,,106.302,1.185,366,228,67,-3.87,0.96,0.29,0.48,7.50E+20,39.9,55.6,1271,12.8,0.9168,0.4076744641
G106.319-00.029-044.71,,106.319,-0.029,194,79,144,-44.71,1.22,3.91,2.73,9.60E+20,1671.9,71.5,286,2.8,5.2143,0.5180862982
G106.330+00.711-041.64,,106.33,0.711,97,34,-159,-41.64,1.52,3.65,1.13,5.00E+20,135,33.9,329,22.4,2.1583,0.6454845682
G106.342-00.084-055.73,,106.342,-0.084,687,543,-152,-55.73,1.82,4.87,16.99,9.40E+20,31730.3,35,22,2.1,32.4509,0.7728828383
G106.349-00.761-054.51,,106.349,-0.761,171,121,63,-54.51,1.25,4.76,3.87,4.60E+20,1179.5,25,70,6,7.3917,0.5308261252
G106.440+00.388-055.76,,106.44,0.388,484,148,131,-55.76,1.24,4.87,7.43,1.00E+21,8430.4,48.6,71,1.6,14.1913,0.5265795162
G106.475+00.931-053.87,,106.475,0.931,297,222,98,-53.87,0.99,4.7,6.89,1.30E+21,13916.7,93.3,148,0.6,13.1599,0.4204142911
G106.492+01.037-061.09,,106.492,1.037,662,296,-178,-61.09,1.52,5.34,13.5,1.10E+21,35141.5,61.4,49,1,25.785,0.6454845682
G106.500-00.937-056.52,,106.5,-0.937,239,127,-171,-56.52,1.49,4.93,4.89,6.60E+20,3112,41.5,92,4,9.3399,0.6327447412
G106.503+01.673-010.77,,106.503,1.673,1226,238,-163,-10.77,1.87,0.23,0.71,8.60E+20,78.6,49.5,761,36.7,1.3561,0.7941158833
G106.529+04.081-007.04,,106.529,4.081,3121,1925,141,-7.04,2.97,0.87,12.12,1.70E+21,42376.5,91.9,82,2.9,23.1492,1.261242873
G106.625-00.065-040.92,,106.625,-0.065,185,54,139,-40.92,0.84,3.57,2,7.90E+20,834.2,66.3,361,2,3.82,0.3567151561
G106.663+01.012-011.66,,106.663,1.012,1145,447,173,-11.66,1.37,0.65,2.65,1.60E+21,2135.5,96.5,397,2.7,5.0615,0.5817854332
G106.710+01.621-017.48,,106.71,1.621,383,303,115,-17.48,1.12,1.22,2.38,7.40E+20,674.3,38,174,5.1,4.5458,0.4756202082
G106.724+00.154-048.54,,106.724,0.154,232,120,101,-48.54,1.05,4.21,3.98,8.20E+20,3087.3,62.1,170,1.6,7.6018,0.4458939452
G106.838+00.000-045.56,,106.838,0,202,74,73,-45.56,1.46,3.95,2.73,6.10E+20,829.7,35.5,142,8.1,5.2143,0.6200049142
G106.851+00.346-052.84,,106.851,0.346,109,74,-162,-52.84,1.77,4.58,2.29,3.60E+20,280.1,17,81,29.6,4.3739,0.7516497933
G106.855+03.424-065.76,,106.855,3.424,205,122,92,-65.76,1.07,5.74,5.16,7.80E+20,3833.3,45.9,97,1.8,9.8556,0.4543871632
G106.892+00.540-049.91,,106.892,0.54,154,96,-169,-49.91,0.88,4.32,2.97,5.90E+20,933.5,33.8,124,2.8,5.6727,0.3737015921
G106.895-01.032-037.72,,106.895,-1.032,297,111,168,-37.72,1.01,3.28,3.39,1.60E+21,3650.6,101.3,326,1.1,6.4749,0.4289075091
G106.945+01.313-045.14,,106.945,1.313,127,64,153,-45.14,1.54,3.9,1.97,5.90E+20,430.3,35.2,195,12.6,3.7627,0.6539777862
G106.967+00.678-037.37,,106.967,0.678,185,66,125,-37.37,1,3.24,2.02,1.90E+21,2202.6,171.9,929,1.1,3.8582,0.4246609001
G106.981+00.460-056.67,,106.981,0.46,160,70,-154,-56.67,1.31,4.91,2.92,5.90E+20,880.1,32.8,122,6.6,5.5772,0.5563057792
G106.990+00.002-043.15,,106.99,0.002,151,72,153,-43.15,1.12,3.73,2.19,1.00E+21,1048.6,69.6,347,3.1,4.1829,0.4756202082
G106.995-02.784-055.19,,106.995,-2.784,199,112,131,-55.19,0.76,4.78,4.05,5.50E+20,1202.8,23.3,62,2.2,7.7355,0.3227422841
G107.075+02.489-010.98,,107.075,2.489,810,369,-159,-10.98,3.19,0.55,1.71,1.00E+21,556.1,60.9,390,36.2,3.2661,1.354668271
G107.158+00.677-052.34,,107.158,0.677,170,107,-160,-52.34,1.69,4.51,3.44,2.10E+21,7344.2,197.3,626,1.6,6.5704,0.7176769212
G107.197+04.778-080.74,,107.197,4.778,278,106,-165,-80.74,1.64,7.18,7.01,3.80E+20,2118.3,13.7,21,10.4,13.3891,0.6964438762
G107.200-00.841-005.41,,107.2,-0.841,174,83,62,-5.41,1.67,0.69,0.47,8.40E+20,50,73.3,1718,30.1,0.8977,0.7091837032
G107.212-03.055-057.81,,107.212,-3.055,290,86,156,-57.81,0.88,5,4.47,9.20E+20,3170.6,50.4,123,1.3,8.5377,0.3737015921
G107.230-00.931-041.35,,107.23,-0.931,290,107,140,-41.35,1.51,3.56,3.57,2.60E+21,7548.9,188.4,576,1.2,6.8187,0.6412379592
G107.317+03.032-006.13,,107.317,3.032,320,215,-178,-6.13,0.87,0.49,0.73,8.70E+20,111,66.7,1001,5.8,1.3943,0.3694549831
G107.336+00.025-050.51,,107.336,0.025,694,487,45,-50.51,1.91,4.34,14.4,1.20E+21,43805,67.2,50,1.4,27.504,0.8111023193
G107.425-01.103-033.24,,107.425,-1.103,158,100,-164,-33.24,0.55,2.87,2.04,7.80E+20,649.9,49.9,267,1.1,3.8964,0.2335634951
G107.469+00.518-051.06,,107.469,0.518,367,102,147,-51.06,2.17,4.38,4.82,1.30E+21,6552.8,89.8,203,4,9.2062,0.9215141533
G107.504+01.860+002.74,,107.504,1.86,155,56,117,2.74,1.02,0.24,0.13,3.80E+20,1.5,29.5,2543,103.4,0.2483,0.4331541181
G107.524-02.817-054.30,,107.524,-2.817,232,108,74,-54.3,0.55,4.66,4.18,9.20E+20,2362.2,43,112,0.6,7.9838,0.2335634951
G107.545-04.502-049.92,,107.545,-4.502,197,96,159,-49.92,1.32,4.28,3.33,5.00E+20,696.4,20,65,9.7,6.3603,0.5605523882
G107.549-00.814-039.16,,107.549,-0.814,169,46,132,-39.16,1.21,3.36,1.66,7.50E+20,503.7,58.3,384,5.6,3.1706,0.5138396892
G107.578+00.767-053.75,,107.578,0.767,243,163,155,-53.75,2.65,4.61,5.23,1.50E+21,10482.5,122,254,4.1,9.9893,1.125351385
G107.621+02.347-074.34,,107.621,2.347,299,93,-148,-74.34,0.93,6.53,6.17,5.30E+20,3186.6,26.6,47,1.9,11.7847,0.3949346371
G107.638+01.348+003.22,,107.638,1.348,2259,581,171,3.22,1.29,0.25,1.64,1.40E+21,642.3,75.7,503,5,3.1324,0.5478125612
G107.686-02.171-054.79,,107.686,-2.171,827,145,110,-54.79,0.92,4.7,9.29,1.20E+21,14088.3,51.9,61,0.6,17.7439,0.3906880281
G107.751+02.951-009.83,,107.751,2.951,454,412,74,-9.83,2.68,0.77,1.9,1.40E+21,954.8,83.8,480,16.6,3.629,1.138091212
G107.752+01.280-008.34,,107.752,1.28,237,127,167,-8.34,0.77,0.61,0.6,5.30E+20,31.9,27.8,502,13,1.146,0.3269888931
G107.773+00.242-048.59,,107.773,0.242,279,203,175,-48.59,1.33,4.15,5.63,5.70E+20,2876.1,28.9,56,4,10.7533,0.5647989972
G107.790-02.684-053.13,,107.79,-2.684,326,193,159,-53.13,1.17,4.54,6.49,1.10E+21,6152.5,46.5,78,1.7,12.3959,0.4968532532
G107.812+00.755-052.16,,107.812,0.755,213,136,68,-52.16,1.59,4.46,4.32,1.10E+21,4851.1,82.9,209,2.6,8.2512,0.6752108312
G107.866+01.904-011.09,,107.866,1.904,1291,603,170,-11.09,1.7,0.61,3.09,9.90E+20,1456.7,48.6,172,7.1,5.9019,0.7219235302
G107.947+00.998-056.37,,107.947,0.998,359,238,166,-56.37,1.58,4.82,8.03,1.00E+21,8545.6,42.2,57,2.7,15.3373,0.6709642222
G107.948-01.334-014.37,,107.948,-1.334,182,124,137,-14.37,0.58,0.27,0.23,6.30E+20,7.7,45.2,2118,11.6,0.4393,0.2463033221
G107.974+01.603-015.73,,107.974,1.603,184,147,-144,-15.73,1.16,0.71,0.66,5.50E+20,29.8,21.7,358,34.7,1.2606,0.4926066442
G108.002+00.255-054.31,,108.002,0.255,149,112,-136,-54.31,1.44,4.63,3.38,6.80E+20,1621.2,45.1,145,5,6.4558,0.6115116962
G108.012+03.408-007.19,,108.012,3.408,450,345,161,-7.19,1.5,0.82,1.84,6.70E+20,386.6,36.4,215,12.3,3.5144,0.6369913502
G108.024+04.351-000.11,,108.024,4.351,631,195,141,-0.11,0.62,0.29,0.58,5.70E+20,28.7,27,508,9.1,1.1078,0.2632897581
G108.034-00.226-051.30,,108.034,-0.226,207,72,63,-51.3,1.44,4.37,3.02,6.20E+20,1358.7,47.4,171,5.3,5.7682,0.6115116962
G108.049+04.469-008.32,,108.049,4.469,171,64,65,-8.32,0.84,0.33,0.19,4.40E+20,2.7,23.7,1353,57.9,0.3629,0.3567151561
G108.073-02.143-001.79,,108.073,-2.143,182,101,80,-1.79,0.63,0.24,0.19,3.90E+20,1.4,12.8,746,60.3,0.3629,0.2675363671
G108.095+00.794-057.23,,108.095,0.794,124,88,147,-57.23,0.81,4.89,2.86,6.30E+20,1067.2,41.5,158,2,5.4626,0.3439753291
G108.114-01.152-047.45,,108.114,-1.152,155,56,56,-47.45,0.69,4.03,2.1,5.90E+20,528.1,38.2,198,2.2,4.011,0.2930160211
G108.168+01.546-006.36,,108.168,1.546,257,181,-149,-6.36,0.89,0.71,0.87,9.60E+20,122.5,51.5,647,6.5,1.6617,0.3779482011
G108.171+00.171-046.54,,108.171,0.171,215,107,56,-46.54,1.07,3.95,3.4,1.10E+21,2884.8,79.5,255,1.6,6.494,0.4543871632
G108.178-00.145-003.44,,108.178,-0.145,411,106,94,-3.44,1.02,0.69,0.82,4.80E+20,54.7,25.9,345,18.1,1.5662,0.4331541181
G108.198+02.630-004.32,,108.198,2.63,531,295,167,-4.32,0.85,0.28,0.64,4.90E+20,26.1,20.5,351,20.3,1.2224,0.3609617651
G108.204-00.629-057.49,,108.204,-0.629,91,52,-177,-57.49,1.79,4.91,1.84,1.70E+21,2089.9,195.7,1160,3.3,3.5144,0.7601430113
G108.226+00.884-046.53,,108.226,0.884,279,57,-160,-46.53,0.47,3.94,2.81,4.30E+20,559.2,22.5,87,1.3,5.3671,0.1995906231
G108.282+03.255-065.56,,108.282,3.255,128,54,-140,-65.56,0.85,5.63,2.6,5.20E+20,851.6,40.2,169,2.6,4.966,0.3609617651
G108.291-01.970-032.11,,108.291,-1.97,668,254,-170,-32.11,1.17,2.72,6.4,7.80E+20,3544.7,27.5,46,2.9,12.224,0.4968532532
G108.348+02.298-009.10,,108.348,2.298,224,180,172,-9.1,1.17,0.71,0.81,5.50E+20,76.9,37.4,505,16.8,1.5471,0.4968532532
G108.375+05.206+002.66,,108.375,5.206,201,166,135,2.66,1.33,0.27,0.28,5.30E+20,4.4,17.5,670,131.1,0.5348,0.5647989972
G108.383+03.352-077.25,,108.383,3.352,150,36,46,-77.25,1.3,6.77,2.74,4.10E+20,565.7,23.9,95,9.5,5.2334,0.5520591702
G108.408+00.965-054.04,,108.408,0.965,178,82,110,-54.04,1.15,4.58,3.13,7.00E+20,995.2,32.4,113,4.8,5.9783,0.4883600352
G108.408-03.018-002.45,,108.408,-3.018,131,67,157,-2.45,0.39,0.27,0.14,3.60E+20,1.3,20.1,1527,19.6,0.2674,0.1656177511
G108.417-02.250-002.09,,108.417,-2.25,125,48,120,-2.09,1.47,0.26,0.11,3.80E+20,1,26.3,2611,274.5,0.2101,0.6242515232
G108.421+02.494-065.37,,108.421,2.494,321,92,-150,-65.37,0.73,5.61,5.48,6.10E+20,2826.7,29.9,59,1.2,10.4668,0.3100024571
G108.441-00.521-003.92,,108.441,-0.521,214,144,51,-3.92,0.78,0.55,0.55,5.60E+20,23.2,24.8,497,16.4,1.0505,0.3312355021
G108.470-02.843-053.33,,108.47,-2.843,238,48,116,-53.33,1.02,4.52,2.71,1.80E+21,3870.6,167.9,677,0.8,5.1761,0.4331541181
G108.482+00.363-009.77,,108.482,0.363,633,430,-153,-9.77,1.3,0.73,2.17,1.10E+21,844.2,57,286,5,4.1447,0.5520591702
G108.504+01.913-053.79,,108.504,1.913,243,104,140,-53.79,1.38,4.55,4.11,8.90E+20,3534.2,66.7,177,2.6,7.8501,0.5860320422
G108.507+02.650-006.78,,108.507,2.65,140,93,48,-6.78,0.63,0.29,0.19,3.50E+20,2,17.9,1049,43.9,0.3629,0.2675363671
G108.523+03.439-006.66,,108.523,3.439,481,254,94,-6.66,2.57,0.82,1.63,8.50E+20,240.4,28.8,192,51.9,3.1133,1.091378513
G108.527+03.436-064.71,,108.527,3.436,83,47,68,-64.71,1.45,5.53,1.88,6.70E+20,645.6,58.4,339,7.1,3.5908,0.6157583052
G108.534+01.764-005.16,,108.534,1.764,162,47,-141,-5.16,0.7,0.69,0.34,4.00E+20,9,25.2,817,21,0.6494,0.2972626301
G108.562+05.102+002.26,,108.562,5.102,261,48,93,2.26,0.73,0.24,0.15,4.70E+20,1.9,25.4,1796,49.9,0.2865,0.3100024571
G108.601+01.479-035.82,,108.601,1.479,184,66,68,-35.82,0.58,3.01,1.86,6.40E+20,594.4,54.5,319,1.2,3.5526,0.2463033221
G108.611-01.008-051.24,,108.611,-1.008,1205,332,156,-51.24,2.36,4.33,15.65,3.30E+21,193085.4,251,175,0.5,29.8915,1.002199724
G108.637-00.686-055.79,,108.637,-0.686,86,37,51,-55.79,1.2,4.73,1.44,6.60E+20,355.2,54.9,417,6.7,2.7504,0.5095930802
G108.648+03.247-012.44,,108.648,3.247,66,62,50,-12.44,0.98,0.82,0.29,6.80E+20,16.1,63.1,2415,19.8,0.5539,0.4161676821
G108.694+04.560-006.68,,108.694,4.56,546,289,173,-6.68,1.3,0.41,0.93,9.50E+20,185.6,68.3,802,9.9,1.7763,0.5520591702
G108.721+00.154-013.57,,108.721,0.154,424,104,169,-13.57,0.58,0.71,0.85,7.20E+20,57.3,25.4,328,5.7,1.6235,0.2463033221
G108.745+02.689-010.98,,108.745,2.689,1214,402,-166,-10.98,1.69,0.75,2.99,2.60E+21,4549.4,161.9,591,2.2,5.7109,0.7176769212
G108.754+00.966-048.89,,108.754,0.966,184,64,149,-48.89,0.69,4.11,2.51,5.50E+20,675.9,34.2,149,2,4.7941,0.2930160211
G108.758-04.060-045.72,,108.758,-4.06,107,92,-145,-45.72,1.66,3.84,2.13,9.20E+20,853.2,59.9,307,8,4.0683,0.7049370942
G108.822-00.733-008.97,,108.822,-0.733,549,232,67,-8.97,1.05,0.71,1.44,7.00E+20,177.1,27.1,205,10.4,2.7504,0.4458939452
G108.854+03.884-008.88,,108.854,3.884,325,125,141,-8.88,0.81,0.61,0.7,7.10E+20,63.2,40.8,633,8.5,1.337,0.3439753291
G108.867+01.635-033.94,,108.867,1.635,559,270,68,-33.94,1.04,2.84,6.3,8.60E+20,5566.3,44.6,77,1.4,12.033,0.4416473361
G108.870+00.046-012.19,,108.87,0.046,483,76,172,-12.19,0.68,0.73,0.8,7.20E+20,61.4,30.9,425,7,1.528,0.2887694121
G108.870+02.960-009.76,,108.87,2.96,228,96,-179,-9.76,1.48,0.71,0.59,3.80E+20,14.8,13.4,247,101,1.1269,0.6284981322
G108.872+02.208-008.55,,108.872,2.208,233,212,86,-8.55,3.03,0.22,0.28,1.10E+21,22.5,94.5,3751,130.1,0.5348,1.286722527
G108.877+00.565-002.39,,108.877,0.565,462,222,132,-2.39,1.27,0.26,0.47,6.70E+20,22.4,31.9,738,39.4,0.8977,0.5393193432
G108.893-02.295-033.54,,108.893,-2.295,182,138,102,-33.54,0.81,2.81,2.52,5.30E+20,419.4,20.9,90,4.6,4.8132,0.3439753291
G108.905-01.719-044.72,,108.905,-1.719,121,75,155,-44.72,0.74,3.75,2,5.30E+20,439.2,35.1,192,2.9,3.82,0.3142490661
G108.916+03.524-062.71,,108.916,3.524,229,49,147,-62.71,0.61,5.32,3.17,6.10E+20,1389.7,44.2,152,1,6.0547,0.2590431491
G108.921-02.351-045.04,,108.921,-2.351,127,37,176,-45.04,1.41,3.78,1.42,6.00E+20,255.1,40.5,312,12.7,2.7122,0.5987718692
G108.931+01.608-028.90,,108.931,1.608,194,111,73,-28.9,0.75,2.41,2.01,7.30E+20,569.1,45,244,2.3,3.8391,0.3184956751
G108.932-00.191-002.83,,108.932,-0.191,1023,266,168,-2.83,0.79,0.29,0.86,6.10E+20,43.7,18.6,235,14.3,1.6426,0.3354821111
G108.942-02.866-036.84,,108.942,-2.866,167,45,-173,-36.84,1.37,3.08,1.49,6.10E+20,321.4,45.8,335,10.1,2.8459,0.5817854332
G108.964+00.779-009.15,,108.964,0.779,819,261,-161,-9.15,2.54,0.77,2.04,1.40E+21,1532,117.3,628,10,3.8964,1.078638686
G108.974+02.701-000.76,,108.974,2.701,621,220,-155,-0.76,0.87,0.26,0.55,5.20E+20,18.9,19.5,384,25.6,1.0505,0.3694549831
G109.001+02.418-002.35,,109.001,2.418,520,152,-176,-2.35,1.51,0.26,0.41,5.30E+20,12.5,23.2,611,87.6,0.7831,0.6412379592
G109.078-04.161-004.50,,109.078,-4.161,181,162,176,-4.5,0.39,0.22,0.21,2.50E+20,1.4,9.7,503,27.1,0.4011,0.1656177511
G109.090-01.153-045.36,,109.09,-1.153,183,57,89,-45.36,0.76,3.79,2.17,4.70E+20,382.2,25.8,129,3.8,4.1447,0.3227422841
G109.164-00.300-053.48,,109.164,-0.3,95,50,103,-53.48,1.3,4.49,1.69,3.90E+20,234.2,26.1,168,14.1,3.2279,0.5520591702
G109.177+04.928-076.55,,109.177,4.928,88,55,139,-76.55,1.12,6.64,2.54,7.10E+20,1178,58.1,250,3.1,4.8514,0.4756202082
G109.183-01.782-045.23,,109.183,-1.782,210,133,-146,-45.23,0.88,3.78,3.6,5.10E+20,993.5,24.4,74,3.3,6.876,0.3737015921
G109.197+02.139-052.28,,109.197,2.139,98,69,63,-52.28,1.46,4.38,2.01,3.40E+20,236.6,18.7,101,20.8,3.8391,0.6200049142
G109.203-01.106-053.87,,109.203,-1.106,139,58,149,-53.87,1.06,4.52,2.26,5.30E+20,788.2,49.2,237,3.7,4.3166,0.4501405542
G109.269-04.371-045.98,,109.269,-4.371,276,77,140,-45.98,0.69,3.83,3.16,5.50E+20,802.6,25.6,88,2.2,6.0356,0.2930160211
G109.276-01.506-047.14,,109.276,-1.506,95,40,123,-47.14,1.08,3.93,1.32,3.90E+20,136.4,25,207,13.1,2.5212,0.4586337722
G109.277-00.980-054.30,,109.277,-0.98,110,46,-145,-54.3,0.71,4.56,1.79,8.30E+20,657.8,65.6,401,1.6,3.4189,0.3015092391
G109.279+02.315-077.94,,109.279,2.315,191,64,-167,-77.94,0.71,6.8,4.22,5.00E+20,1334,23.8,61,1.8,8.0602,0.3015092391
G109.318-00.418-046.99,,109.318,-0.418,147,43,53,-46.99,1.63,3.92,1.73,4.10E+20,224.6,23.8,150,23.7,3.3043,0.6921972672
G109.328-01.260-047.39,,109.328,-1.26,168,78,-152,-47.39,1.05,3.95,2.55,4.40E+20,494.5,24.1,103,6.6,4.8705,0.4458939452
G109.385+03.103-011.45,,109.385,3.103,290,216,108,-11.45,0.88,0.31,0.44,6.30E+20,10.4,17.3,430,38.1,0.8404,0.3737015921
G109.389+05.163+000.33,,109.389,5.163,242,123,103,0.33,0.61,0.27,0.27,3.40E+20,2.7,12.1,491,41.8,0.5157,0.2590431491
G109.463+02.444-060.75,,109.463,2.444,88,62,123,-60.75,1.3,5.12,2.08,7.30E+20,835,61.4,322,4.9,3.9728,0.5520591702
G109.511-00.602-047.92,,109.511,-0.602,342,189,163,-47.92,1.71,3.99,5.78,7.60E+20,3873.8,36.9,69,5,11.0398,0.7261701392
G109.513+01.205-008.32,,109.513,1.205,106,72,116,-8.32,1.55,0.79,0.39,9.90E+20,39.8,84.9,2402,27,0.7449,0.6582243952
G109.516+03.624-010.26,,109.516,3.624,657,275,144,-10.26,1.49,0.67,1.62,1.40E+21,1016.5,123,828,4.1,3.0942,0.6327447412
G109.532+03.946+000.63,,109.532,3.946,345,270,46,0.63,0.51,0.24,0.43,4.00E+20,8.6,15.1,387,14.9,0.8213,0.2165770591
G109.537+00.571-051.30,,109.537,0.571,132,70,160,-51.3,1.5,4.28,2.3,6.20E+20,809.7,48.9,232,7.4,4.393,0.6369913502
G109.557-04.154-033.29,,109.557,-4.154,309,135,-145,-33.29,2.22,2.75,3.2,1.00E+21,2160.5,67.1,229,8.4,6.112,0.9427471983
G109.560+02.937-084.24,,109.56,2.937,111,35,147,-84.24,0.84,7.46,2.53,5.00E+20,668.6,33.3,144,3.1,4.8323,0.3567151561
G109.604-01.169-038.18,,109.604,-1.169,175,70,100,-38.18,2.41,3.16,1.96,5.30E+20,255.2,21.1,117,51.8,3.7436,1.023432769
G109.611-01.027-033.52,,109.611,-1.027,173,77,175,-33.52,1.48,2.77,1.8,1.20E+21,1161.6,114.2,693,3.9,3.438,0.6284981322
G109.673+00.502-047.72,,109.673,0.502,152,83,-165,-47.72,1.04,3.96,2.5,4.40E+20,334.6,17.1,74,9.3,4.775,0.4416473361
G109.684+01.023-011.45,,109.684,1.023,226,151,64,-11.45,0.9,0.73,0.77,7.80E+20,93.8,51,728,7.7,1.4707,0.3821948101
G109.688+02.454-062.56,,109.688,2.454,107,50,84,-62.56,0.57,5.27,2.11,4.10E+20,349.3,24.9,128,2.3,4.0301,0.2420567131
G109.691+01.888-057.11,,109.691,1.888,660,474,85,-57.11,3.05,4.78,15.27,1.50E+21,82015.2,111.9,80,2,29.1657,1.295215745
G109.705+01.823+005.43,,109.705,1.823,2226,851,63,5.43,1.7,0.24,1.92,1.00E+21,641.3,55.5,315,10,3.6672,0.7219235302
G109.719+03.198-031.55,,109.719,3.198,101,52,166,-31.55,1.04,2.59,1.03,4.00E+20,95.4,28.9,307,13.5,1.9673,0.4416473361
G109.726-01.414-048.17,,109.726,-1.414,521,178,-156,-48.17,1.61,4,6.95,1.40E+21,12344.6,81.3,127,1.7,13.2745,0.6837040492
G109.737-04.004-043.53,,109.737,-4.004,230,88,152,-43.53,0.67,3.6,2.9,7.10E+20,803,30.3,114,1.9,5.539,0.2845228031
G109.742+02.192-033.78,,109.742,2.192,338,133,121,-33.78,1.27,2.77,3.35,6.30E+20,1121.6,31.8,103,5.6,6.3985,0.5393193432
G109.761-00.734-037.55,,109.761,-0.734,169,47,-173,-37.55,0.83,3.09,1.54,3.60E+20,131,17.6,125,9.3,2.9414,0.3524685471
G109.795+03.403-074.40,,109.795,3.403,160,121,72,-74.4,1.88,6.41,5.07,5.30E+20,2702.5,33.5,72,7.7,9.6837,0.7983624923
G109.814+02.773-063.80,,109.814,2.773,159,53,-179,-63.8,1.58,5.38,2.77,6.00E+20,859.5,35.6,140,9.3,5.2907,0.6709642222
G109.817+03.152-033.37,,109.817,3.152,142,94,75,-33.37,0.99,2.73,1.78,4.10E+20,198.8,20,122,10.2,3.3998,0.4204142911
G109.819+00.985-005.70,,109.819,0.985,96,72,109,-5.7,1.87,0.77,0.36,4.80E+20,10.4,26,796,139.2,0.6876,0.7941158833
G109.837+02.673-061.98,,109.837,2.673,204,94,-158,-61.98,2.14,5.21,4.09,8.40E+20,2756.5,52.4,139,7.9,7.8119,0.9087743263
G109.846+04.011-015.92,,109.846,4.011,108,61,55,-15.92,0.92,0.73,0.33,1.10E+21,34.5,102.2,3406,9.3,0.6303,0.3906880281
G109.856-04.373-045.27,,109.856,-4.373,230,92,-171,-45.27,0.99,3.74,3.08,4.30E+20,487.1,16.3,58,7.2,5.8828,0.4204142911
G109.860-01.988-039.25,,109.86,-1.988,119,54,55,-39.25,1.15,3.23,1.43,4.60E+20,141,22,167,15.5,2.7313,0.4883600352
G109.890+03.064-064.80,,109.89,3.064,348,138,-145,-64.8,1.76,5.47,6.83,1.00E+21,10940.7,74.6,119,2.2,13.0453,0.7474031843
G109.911+04.267+002.05,,109.911,4.267,187,75,-154,2.05,0.45,0.26,0.17,2.30E+20,1,11,698,38.6,0.3247,0.1910974051
G109.914+02.822-080.51,,109.914,2.822,250,229,85,-80.51,1.37,7.04,9.61,9.80E+20,14408.8,49.7,56,1.4,18.3551,0.5817854332
G109.915-01.249-033.46,,109.915,-1.249,458,265,140,-33.46,1.77,2.74,5.45,1.70E+21,9730.8,104.4,209,2,10.4095,0.7516497933
G109.916+00.642-007.08,,109.916,0.642,230,162,60,-7.08,0.87,0.82,0.9,8.30E+20,120.8,47.8,582,6.5,1.719,0.3694549831
G109.927+04.463+001.89,,109.927,4.463,340,125,-179,1.89,0.81,0.26,0.3,4.50E+20,7.2,24.9,898,31.7,0.573,0.3439753291
G109.969-00.207-048.96,,109.969,-0.207,2596,1066,-152,-48.96,4.85,4.05,38.47,4.40E+21,1104361.7,237.5,67,0.9,73.4777,2.059605366
G109.984+03.901-067.97,,109.984,3.901,160,49,52,-67.97,1.14,5.76,2.85,6.30E+20,976.7,38.3,146,4.4,5.4435,0.4841134262
G109.991-01.963-041.87,,109.991,-1.963,225,68,-167,-41.87,1.52,3.45,2.41,9.20E+20,1002.1,55.1,250,6.4,4.6031,0.6454845682
G109.999-05.077-042.46,,109.999,-5.077,300,74,122,-42.46,1.04,3.49,2.96,6.30E+20,822.9,29.9,110,4.5,5.6536,0.4416473361
G110.013+03.635-008.05,,110.013,3.635,161,94,98,-8.05,1.3,0.33,0.23,4.30E+20,3.9,24.4,1180,113.4,0.4393,0.5520591702
G110.051-01.941-056.48,,110.051,-1.941,163,94,179,-56.48,0.92,4.71,3.29,1.30E+21,3160.1,92.7,307,1,6.2839,0.3906880281
G110.068+03.154-033.77,,110.068,3.154,138,54,-152,-33.77,0.98,2.75,1.33,4.50E+20,160.9,29,239,9.2,2.5403,0.4161676821
G110.082-02.170-014.61,,110.082,-2.17,113,58,98,-14.61,0.4,0.26,0.12,3.10E+20,0.7,17.2,1617,30.2,0.2292,0.1698643601
G110.122-02.946+004.85,,110.122,-2.946,185,59,-140,4.85,1.48,0.22,0.13,4.60E+20,1.4,24.9,2060,246.4,0.2483,0.6284981322
G110.175-05.193-036.99,,110.175,-5.193,281,64,-152,-36.99,1.09,3.02,2.29,7.10E+20,544,33,157,5.8,4.3739,0.4628803812
G110.223+02.521-063.30,,110.223,2.521,203,158,-148,-63.3,1.33,5.31,5.39,1.70E+21,11114.1,121.7,246,1,10.2949,0.5647989972
G110.233+04.774+000.36,,110.233,4.774,244,97,-139,0.36,0.58,0.31,0.27,2.30E+20,1.8,7.9,320,59.2,0.5157,0.2463033221
G110.237-00.926-002.61,,110.237,-0.926,97,59,105,-2.61,0.81,0.21,0.09,2.90E+20,0.3,11.3,1446,248.7,0.1719,0.3439753291
G110.241+02.884-055.67,,110.241,2.884,133,41,137,-55.67,0.88,4.61,1.88,4.40E+20,261.8,23.6,136,6.4,3.5908,0.3737015921
G110.246+04.042+000.34,,110.246,4.042,329,132,-172,0.34,1.32,0.29,0.34,6.40E+20,20.3,54.8,1739,34.3,0.6494,0.5605523882
G110.250+00.659-052.39,,110.25,0.659,449,95,-173,-52.39,1.39,4.33,5.08,5.60E+20,2316.2,28.5,61,4.9,9.7028,0.5902786512
G110.262+03.554+004.70,,110.262,3.554,2135,589,-179,4.7,1.61,0.27,1.75,6.90E+20,269.6,27.9,173,19.6,3.3425,0.6837040492
G110.281+02.411-058.99,,110.281,2.411,83,58,67,-58.99,1.57,4.91,1.87,7.80E+20,713,64.6,376,7.5,3.5717,0.6667176132
G110.316-05.016-039.98,,110.316,-5.016,251,76,82,-39.98,1.32,3.27,2.56,9.00E+20,958.1,46.5,198,5.4,4.8896,0.5605523882
G110.352+01.788-056.43,,110.352,1.788,631,244,66,-56.43,3.08,4.68,10.49,9.40E+20,11793,34.1,35,9.8,20.0359,1.307955572
G110.369+03.672-074.17,,110.369,3.672,259,197,66,-74.17,0.95,6.35,8.15,6.10E+20,6251.6,29.9,40,1.4,15.5665,0.4034278551
G110.377+03.414-072.06,,110.377,3.414,461,126,-144,-72.06,1.43,6.14,8.45,7.70E+20,11220.2,50.1,64,1.8,16.1395,0.6072650872
G110.377-00.773-055.73,,110.377,-0.773,140,41,161,-55.73,1.04,4.62,1.93,5.00E+20,446.3,38,214,5.5,3.6863,0.4416473361
G110.381+03.154-031.97,,110.381,3.154,190,140,80,-31.97,1.01,2.59,2.4,6.40E+20,723.5,40,182,3.9,4.584,0.4289075091
G110.407-01.305-054.05,,110.407,-1.305,129,35,64,-54.05,0.7,4.47,1.65,6.00E+20,385.5,45.2,299,2.4,3.1515,0.2972626301
G110.434-01.979-046.47,,110.434,-1.979,132,52,80,-46.47,2.04,3.81,1.75,8.10E+20,675.5,70,435,12.5,3.3425,0.8663082363
G110.476+04.501+001.00,,110.476,4.501,227,101,137,1,0.98,0.39,0.33,3.00E+20,6.4,18.6,614,57.6,0.6303,0.4161676821
G110.488-01.723-047.45,,110.488,-1.723,479,164,62,-47.45,1.79,3.89,6.22,1.20E+21,8486.1,69.9,122,2.7,11.8802,0.7601430113
G110.549+02.647-005.78,,110.549,2.647,207,70,149,-5.78,0.76,0.19,0.13,4.90E+20,1.9,35.3,2923,45.4,0.2483,0.3227422841
G110.560+02.424-001.24,,110.56,2.424,158,93,154,-1.24,0.85,0.21,0.14,5.30E+20,2,32.2,2503,58.6,0.2674,0.3609617651
G110.596+02.440-030.93,,110.596,2.44,448,159,162,-30.93,1.23,2.49,3.79,1.10E+21,3193.3,70.9,204,2.1,7.2389,0.5223329072
G110.616+04.100-072.47,,110.616,4.1,199,76,66,-72.47,0.78,6.17,4.28,3.40E+20,1150,20,51,2.6,8.1748,0.3312355021
G110.621+03.273-041.97,,110.621,3.273,115,39,103,-41.97,0.87,3.41,1.26,3.40E+20,83.8,16.9,146,13.2,2.4066,0.3694549831
G110.637-02.152-050.96,,110.637,-2.152,236,52,-178,-50.96,0.56,4.19,2.61,4.50E+20,475.3,22.2,92,2,4.9851,0.2378101041
G110.664+03.297-003.29,,110.664,3.297,191,84,139,-3.29,0.99,0.24,0.18,7.00E+20,5.1,52.9,3302,39.3,0.3438,0.4204142911
G110.684-03.772-030.76,,110.684,-3.772,159,68,117,-30.76,1.18,2.48,1.45,8.60E+20,427.1,64.8,488,5.5,2.7695,0.5010998622
G110.695+01.818-009.56,,110.695,1.818,4269,1618,-174,-9.56,2.55,0.77,11.58,3.00E+21,59163.6,140.5,132,1.5,22.1178,1.082885295
G110.716+01.044-003.71,,110.716,1.044,120,89,98,-3.71,1.13,0.82,0.48,6.80E+20,37.9,53.3,1222,18.6,0.9168,0.4798668172
G110.727+02.636-068.84,,110.727,2.636,585,163,119,-68.84,1.86,5.81,10.23,1.10E+21,24375.3,74.1,79,1.7,19.5393,0.7898692743
G110.756-00.931-040.57,,110.756,-0.931,173,56,157,-40.57,2.19,3.29,1.81,5.20E+20,239.8,23.4,141,41.8,3.4571,0.9300073713
G110.761+03.670-034.16,,110.761,3.67,327,90,154,-34.16,0.91,2.75,2.69,5.10E+20,773.4,34,138,3.3,5.1379,0.3864414191
G110.814-02.447-047.66,,110.814,-2.447,418,164,-135,-47.66,1.64,3.89,5.81,1.30E+21,5627.9,53.2,100,3.2,11.0971,0.6964438762
G110.817+03.225-038.74,,110.817,3.225,122,64,76,-38.74,0.7,3.13,1.54,5.30E+20,303.7,41,291,2.9,2.9414,0.2972626301
G110.836+03.971-069.56,,110.836,3.971,294,119,-149,-69.56,0.92,5.87,6.24,6.10E+20,4604.8,37.6,65,1.3,11.9184,0.3906880281
G110.846+03.208-030.30,,110.846,3.208,687,274,167,-30.3,1.42,2.43,6.02,9.00E+20,6575.9,57.8,105,2.1,11.4982,0.6030184782
G110.860-02.281-035.78,,110.86,-2.281,81,46,-178,-35.78,1.35,2.89,0.95,6.10E+20,164.5,57.8,664,12.2,1.8145,0.5732922152
G110.864+00.951-011.08,,110.864,0.951,178,63,-149,-11.08,0.57,0.71,0.42,7.70E+20,36.6,65.2,1687,4.3,0.8022,0.2420567131
G110.873+05.096-062.14,,110.873,5.096,90,84,85,-62.14,1.25,5.15,2.49,4.50E+20,683.5,35.2,154,6.5,4.7559,0.5308261252
G110.889-01.232-005.74,,110.889,-1.232,266,131,-146,-5.74,0.8,0.27,0.29,6.70E+20,12.2,46.1,1733,17.7,0.5539,0.3397287201
G110.890-04.353-020.55,,110.89,-4.353,170,56,78,-20.55,1.44,0.26,0.14,6.80E+20,2.4,38.5,2973,139.6,0.2674,0.6115116962
G110.898+02.872-047.15,,110.898,2.872,167,45,94,-47.15,1.2,3.84,1.85,3.60E+20,196.9,18.4,108,15.7,3.5335,0.5095930802
G110.904+02.871-013.60,,110.904,2.871,186,58,-138,-13.6,0.75,0.19,0.11,4.30E+20,1,25.6,2473,72,0.2101,0.3184956751
G110.907-01.414-045.43,,110.907,-1.414,169,76,177,-45.43,0.97,3.7,2.36,9.10E+20,999.4,57,263,2.6,4.5076,0.4119210731
G110.919-03.675-005.35,,110.919,-3.675,256,103,174,-5.35,0.61,0.24,0.23,2.40E+20,1.9,12,579,50.7,0.4393,0.2590431491
G110.934-00.015-051.26,,110.934,-0.015,241,146,-146,-51.26,2.04,4.2,4.48,1.50E+21,6411.9,101.7,248,3.4,8.5568,0.8663082363
G110.961+03.249-015.12,,110.961,3.249,406,254,104,-15.12,2.32,1.73,3.16,1.50E+21,2654.3,84.5,291,7.4,6.0356,0.9852132883
G111.039+03.009-040.18,,111.039,3.009,244,109,-138,-40.18,1.23,3.24,3,1.40E+21,3586.5,126.6,460,1.5,5.73,0.5223329072
G111.107-01.517-053.44,,111.107,-1.517,124,66,141,-53.44,1.17,4.38,2.22,7.00E+20,630.7,40.8,200,5.6,4.2402,0.4968532532
G111.108-03.733-004.08,,111.108,-3.733,1185,661,113,-4.08,1.2,0.21,1.04,5.90E+20,74.5,22,231,23.4,1.9864,0.5095930802
G111.118+03.282-051.69,,111.118,3.282,108,52,155,-51.69,0.92,4.21,1.75,3.00E+20,174.8,18.3,114,9.8,3.3425,0.3906880281
G111.123-03.755-030.67,,111.123,-3.755,195,99,-167,-30.67,2.14,2.45,1.93,7.50E+20,566.7,48.3,273,18,3.6863,0.9087743263
G111.165+05.086-055.09,,111.165,5.086,172,93,-153,-55.09,1.75,4.5,3.22,4.80E+20,952.6,29.2,99,12,6.1502,0.7431565753
G111.173+01.355-049.36,,111.173,1.355,212,61,-176,-49.36,1.71,4.02,2.57,7.90E+20,1155.6,55.8,237,7.6,4.9087,0.7261701392
G111.185-00.407-048.48,,111.185,-0.407,93,64,-165,-48.48,0.78,3.95,1.68,5.40E+20,326,36.7,238,3.6,3.2088,0.3312355021
G111.209+00.710-031.85,,111.209,0.71,262,179,153,-31.85,1.22,2.54,3.14,6.40E+20,984,31.8,110,5.5,5.9974,0.5180862982
G111.210+00.074-052.59,,111.21,0.074,248,103,178,-52.59,2.08,4.3,3.9,1.10E+21,3750.8,78.7,220,5.2,7.449,0.8832946723
G111.229+03.672-028.73,,111.229,3.672,232,78,-170,-28.73,1.39,2.28,1.74,4.40E+20,238.2,25,156,16.4,3.3234,0.5902786512
G111.235+03.383-068.80,,111.235,3.383,687,389,82,-68.8,2.85,5.78,17.06,8.00E+20,44702.2,48.9,31,3.6,32.5846,1.210283565
G111.241+04.339-010.67,,111.241,4.339,259,99,125,-10.67,0.84,0.58,0.52,9.40E+20,56.8,65.6,1365,7.6,0.9932,0.3567151561
G111.254+02.633-049.50,,111.254,2.633,165,85,-140,-49.5,1.62,4.02,2.68,6.20E+20,861.8,38.2,155,9.5,5.1188,0.6879506582
G111.271+04.908-057.50,,111.271,4.908,252,122,45,-57.5,1.32,4.71,4.68,8.30E+20,3205.3,46.5,108,2.9,8.9388,0.5605523882
G111.294-00.727-045.13,,111.294,-0.727,727,381,126,-45.13,2.41,3.65,10.97,2.60E+21,66769.6,176.6,175,1.1,20.9527,1.023432769
G111.296+01.460-009.98,,111.296,1.46,235,71,53,-9.98,0.71,0.79,0.58,6.30E+20,41.2,39.2,740,8.3,1.1078,0.3015092391
G111.356+03.814-049.39,,111.356,3.814,161,43,138,-49.39,0.5,4,1.86,4.00E+20,230.4,21.1,123,2.4,3.5526,0.2123304501
G111.370+00.292-012.57,,111.37,0.292,171,40,144,-12.57,0.93,0.69,0.32,6.40E+20,12.5,39.6,1368,25.6,0.6112,0.3949346371
G111.376+02.532-035.91,,111.376,2.532,186,102,166,-35.91,0.81,2.87,2.24,4.50E+20,319,20.3,99,5.3,4.2784,0.3439753291
G111.445+03.032-058.61,,111.445,3.032,148,91,177,-58.61,3.24,4.82,3.16,9.60E+20,2137.3,68,235,18,6.0356,1.375901316
G111.470+00.785-052.96,,111.47,0.785,1431,835,-152,-52.96,3.63,4.32,26.97,5.70E+21,960549.4,420.4,170,0.4,51.5127,1.541519068
G111.472+02.417-051.50,,111.472,2.417,1053,624,142,-51.5,4.02,4.19,19.4,1.50E+21,79820.3,67.5,38,4.5,37.054,1.707136819
G111.482+03.537-032.95,,111.482,3.537,224,71,136,-32.95,0.67,2.61,1.86,4.90E+20,287.2,26.5,155,3.4,3.5526,0.2845228031
G111.501-00.001-046.86,,111.501,-0.001,128,83,169,-46.86,1.53,3.79,2.19,2.40E+21,3421.2,227,1132,1.7,4.1829,0.6497311772
G111.503-00.254-045.19,,111.503,-0.254,195,72,128,-45.19,0.74,3.65,2.45,6.40E+20,731.4,38.8,173,2.1,4.6795,0.3142490661
G111.523+03.330-057.05,,111.523,3.33,226,110,105,-57.05,1.28,4.67,4.18,1.20E+21,4230.7,77.2,201,1.9,7.9838,0.5435659522
G111.529-02.559-039.08,,111.529,-2.559,2273,1691,133,-39.08,4.52,3.13,35.03,3.30E+21,763606.2,198,61,1.1,66.9073,1.919467269
G111.566+03.290-013.00,,111.566,3.29,390,318,64,-13,1.95,0.73,1.46,1.10E+21,401,59.6,445,16.1,2.7886,0.8280887553
G111.649+03.017-051.76,,111.649,3.017,213,71,156,-51.76,1.9,4.2,2.93,1.20E+21,2314.2,85.9,320,5.3,5.5963,0.8068557103
G111.663+04.106-030.25,,111.663,4.106,767,714,-140,-30.25,1.28,2.38,10.06,9.00E+20,12653.7,39.8,43,1.5,19.2146,0.5435659522
G111.708+03.731-019.67,,111.708,3.731,89,39,108,-19.67,0.98,0.77,0.25,7.10E+20,11.1,58.4,2596,24.6,0.4775,0.4161676821
G111.733+02.882-012.34,,111.733,2.882,238,72,177,-12.34,0.82,0.65,0.48,1.20E+21,78.2,106.7,2415,4.8,0.9168,0.3482219381
G111.737+02.168-048.86,,111.737,2.168,241,177,-170,-48.86,1.88,3.94,4.63,7.00E+20,2273.4,33.8,79,8.3,8.8433,0.7983624923
G111.788-01.887-006.13,,111.788,-1.887,148,70,88,-6.13,1.16,0.29,0.17,9.00E+20,5.5,64.2,4239,46.5,0.3247,0.4926066442
G111.804-03.748-042.02,,111.804,-3.748,105,36,81,-42.02,1.27,3.36,1.12,7.40E+20,248.3,63.2,617,8.4,2.1392,0.5393193432
G111.814+00.021-046.82,,111.814,0.021,235,43,142,-46.82,1.61,3.77,2.13,1.10E+21,1236.6,86.5,442,5.2,4.0683,0.6837040492
G111.832+03.744-015.40,,111.832,3.744,118,68,134,-15.4,1.78,0.61,0.31,1.20E+21,30.2,102.5,3660,37.3,0.5921,0.7558964023
G111.838+01.893-051.39,,111.838,1.893,210,138,57,-51.39,1.41,4.16,4.02,1.50E+21,5997.5,118,320,1.6,7.6782,0.5987718692
G111.840+02.941-021.35,,111.84,2.941,157,66,146,-21.35,1.33,0.69,0.39,6.30E+20,21.7,44.4,1228,37.1,0.7449,0.5647989972
G111.863+03.467-011.97,,111.863,3.467,110,95,136,-11.97,0.99,0.73,0.42,7.00E+20,30.7,56.4,1481,15.5,0.8022,0.4204142911
G111.863+02.985-073.78,,111.863,2.985,828,384,72,-73.78,5.24,6.25,20.12,1.00E+21,63300.5,49.8,27,10.1,38.4292,2.225223117
G111.869+01.780-045.42,,111.869,1.78,313,129,-141,-45.42,0.95,3.64,4.16,9.70E+20,2285.3,42.1,110,1.9,7.9456,0.4034278551
G111.873+02.799-064.29,,111.873,2.799,79,50,120,-64.29,1.71,5.32,1.8,6.60E+20,559.5,54.8,332,10.9,3.438,0.7261701392
G111.884+03.987-051.41,,111.884,3.987,151,47,46,-51.41,1.19,4.15,1.94,6.20E+20,433,36.6,205,7.4,3.7054,0.5053464712
G111.886+02.341-079.22,,111.886,2.341,185,58,104,-79.22,1.45,6.83,3.96,8.00E+20,3532.3,71.7,197,2.7,7.5636,0.6157583052
G111.889+04.430-020.30,,111.889,4.43,333,109,62,-20.3,1.71,0.73,0.79,1.10E+21,136.6,69.5,959,19.5,1.5089,0.7261701392
G111.944+02.968-047.56,,111.944,2.968,149,68,79,-47.56,0.91,3.82,2.15,9.40E+20,880.3,60.5,307,2.4,4.1065,0.3864414191
G111.950-05.105-044.93,,111.95,-5.105,361,105,175,-44.93,1.43,3.6,3.98,6.00E+20,1498.1,30.1,82,6.3,7.6018,0.6072650872
G111.954+03.236+000.64,,111.954,3.236,870,156,160,0.64,1.1,0.69,1.45,6.30E+20,151.8,23,173,13.3,2.7695,0.4671269902
G111.959+03.619-072.88,,111.959,3.619,146,44,145,-72.88,1.24,6.15,2.73,5.30E+20,1042.8,44.4,177,4.7,5.2143,0.5265795162
G111.963+02.939-068.85,,111.963,2.939,125,51,-160,-68.85,1.29,5.76,2.55,4.60E+20,623.4,30.4,130,7.9,4.8705,0.5478125612
G111.987+03.273-009.07,,111.987,3.273,502,250,-178,-9.07,3.11,0.69,1.39,1.00E+21,463.5,76.3,599,33.7,2.6549,1.320695399
G112.004+02.346-063.41,,112.004,2.346,103,65,74,-63.41,0.93,5.24,2.38,3.70E+20,319.5,18,82,7.5,4.5458,0.3949346371
G112.014+01.931-049.51,,112.014,1.931,152,122,72,-49.51,1.03,3.99,3.07,9.50E+20,2216.6,74.9,266,1.7,5.8637,0.4374007271
G112.054+02.255-048.45,,112.054,2.255,409,175,92,-48.45,3.2,3.89,5.93,1.40E+21,8257.8,74.7,137,8.5,11.3263,1.35891488
G112.063+02.281-090.94,,112.063,2.281,271,68,118,-90.94,0.63,8.16,6.28,3.50E+20,1774.9,14.3,24,1.6,11.9948,0.2675363671
G112.068+03.286-075.52,,112.068,3.286,89,60,142,-75.52,1.49,6.42,2.58,5.10E+20,717.5,34.2,144,9.2,4.9278,0.6327447412
G112.077-03.806-001.19,,112.077,-3.806,369,172,87,-1.19,0.68,0.27,0.39,3.90E+20,8.7,17.8,495,24,0.7449,0.2887694121
G112.101+02.758-054.02,,112.101,2.758,226,160,-177,-54.02,1.55,4.38,4.73,1.20E+21,6756.1,96.1,222,2,9.0343,0.6582243952
G112.104-03.012-049.86,,112.104,-3.012,177,68,108,-49.86,0.67,4.02,2.49,6.60E+20,570.1,29.3,128,2.3,4.7559,0.2845228031
G112.134-04.126-036.89,,112.134,-4.126,110,81,-137,-36.89,3.35,2.92,1.55,7.00E+20,375.4,49.8,351,53.8,2.9605,1.422614015
G112.157+02.915-055.09,,112.157,2.915,209,54,-145,-55.09,1.73,4.47,2.68,6.80E+20,1010.5,44.7,182,9.2,5.1188,0.7346633572
G112.159+05.109-010.93,,112.159,5.109,554,360,166,-10.93,1.63,0.82,2.09,1.00E+21,910.3,66.6,349,7.1,3.9919,0.6921972672
G112.171+00.205-045.52,,112.171,0.205,130,86,121,-45.52,1.37,3.64,2.17,1.20E+21,1172.7,79.4,400,4,4.1447,0.5817854332
G112.197+05.178-052.51,,112.197,5.178,244,125,-144,-52.51,0.83,4.22,4.19,8.20E+20,2970.1,53.8,140,1.1,8.0029,0.3524685471
G112.203-03.726-042.43,,112.203,-3.726,233,111,118,-42.43,1.81,3.38,3.08,7.40E+20,936.2,31.4,111,12.5,5.8828,0.7686362293
G112.218-02.382-001.02,,112.218,-2.382,4375,1347,170,-1.02,2.36,0.27,3.8,8.00E+20,1654.3,36.5,105,14.8,7.258,1.002199724
G112.226-03.063-038.83,,112.226,-3.063,152,92,176,-38.83,1.74,3.08,2.05,1.30E+21,1265.4,96,512,5.7,3.9155,0.7389099663
G112.227+02.561-078.15,,112.227,2.561,131,26,133,-78.15,0.83,6.7,2.12,3.40E+20,342,24.3,125,5,4.0492,0.3524685471
G112.245+02.390-078.38,,112.245,2.39,447,339,127,-78.38,1.54,6.72,14.93,7.90E+20,22418.7,32,23,1.8,28.5163,0.6539777862
G112.253-01.077-042.41,,112.253,-1.077,258,99,173,-42.41,1.63,3.38,3.08,1.70E+21,4304.1,144.9,514,2.2,5.8828,0.6921972672
G112.253+01.953-009.20,,112.253,1.953,180,78,129,-9.2,1.56,0.77,0.51,4.70E+20,15.9,19.1,406,90.8,0.9741,0.6624710042
G112.255-01.454-033.81,,112.255,-1.454,304,44,-177,-33.81,1.12,2.66,1.74,4.50E+20,232.7,24.4,153,10.8,3.3234,0.4756202082
G112.265-03.678-001.62,,112.265,-3.678,191,55,146,-1.62,0.9,0.27,0.16,4.30E+20,2.6,33,2276,57.1,0.3056,0.3821948101
G112.279-01.537-008.55,,112.279,-1.537,678,265,84,-8.55,1.13,0.27,0.66,5.80E+20,26.3,19.1,315,37.5,1.2606,0.4798668172
G112.307+02.954-050.75,,112.307,2.954,261,143,88,-50.75,1.39,4.08,4.48,5.70E+20,1151,18.3,44,8.7,8.5568,0.5902786512
G112.317+02.791-049.94,,112.317,2.791,95,60,-147,-49.94,0.8,4.01,1.67,6.20E+20,388.3,44.6,292,3.2,3.1897,0.3397287201
G112.377-04.163-035.45,,112.377,-4.163,578,262,117,-35.45,2.01,2.79,6.19,1.00E+21,5302.1,44.1,77,5.5,11.8229,0.8535684093
G112.388+03.207-051.14,,112.388,3.207,123,51,102,-51.14,0.96,4.11,1.81,7.10E+20,498.6,48.4,291,3.9,3.4571,0.4076744641
G112.400+04.843-011.69,,112.4,4.843,249,94,59,-11.69,1.01,0.29,0.25,4.90E+20,4.3,21.6,934,69.3,0.4775,0.4289075091
G112.420+03.082-056.08,,112.42,3.082,313,64,111,-56.08,1.49,4.54,3.64,8.70E+20,2445.9,58.9,176,3.8,6.9524,0.6327447412
G112.449-01.482-000.97,,112.449,-1.482,234,215,54,-0.97,0.62,0.33,0.42,3.70E+20,8,14.7,386,23.4,0.8022,0.2632897581
G112.473-03.747-000.67,,112.473,-3.747,297,115,176,-0.67,0.53,0.28,0.3,3.00E+20,3.9,14.3,529,24.6,0.573,0.2250702771
G112.479+02.699-004.93,,112.479,2.699,980,420,163,-4.93,1.23,0.61,2.25,7.90E+20,648.5,40.9,198,6,4.2975,0.5223329072
G112.482+00.445-063.47,,112.482,0.445,445,118,-164,-63.47,0.82,5.23,6.83,4.40E+20,2402.5,16.4,26,2.2,13.0453,0.3482219381
G112.516-01.626-007.45,,112.516,-1.626,179,68,115,-7.45,0.52,0.26,0.16,4.60E+20,2.5,29.4,1966,21.1,0.3056,0.2208236681
G112.518-04.808-044.37,,112.518,-4.808,317,100,94,-44.37,1,3.53,3.56,8.80E+20,2637.2,66.1,202,1.6,6.7996,0.4246609001
G112.520+04.446-010.63,,112.52,4.446,227,103,48,-10.63,1.59,0.26,0.22,5.90E+20,4.6,29.4,1436,141.1,0.4202,0.6752108312
G112.536+01.869-010.70,,112.536,1.869,350,134,122,-10.7,1.67,0.69,0.85,7.30E+20,60.6,26.8,345,45.2,1.6235,0.7091837032
G112.552+03.404-011.60,,112.552,3.404,186,95,-136,-11.6,0.64,0.71,0.53,4.20E+20,18.8,21.1,431,13.4,1.0123,0.2717829761
G112.566-04.264-043.22,,112.566,-4.264,222,103,132,-43.22,1.34,3.43,2.95,6.40E+20,979.2,35.9,133,6.3,5.6345,0.5690456062
G112.614+03.743-073.23,,112.614,3.743,218,47,-151,-73.23,0.57,6.16,3.51,4.90E+20,1416.9,36.6,114,0.9,6.7041,0.2420567131
G112.680+03.639-047.46,,112.68,3.639,153,108,168,-47.46,1.62,3.77,2.74,1.10E+21,1762.9,75,299,4.7,5.2334,0.6879506582
G112.689-03.494-001.39,,112.689,-3.494,80,59,117,-1.39,1.06,0.22,0.08,2.80E+20,0.4,17.6,2353,289.1,0.1528,0.4501405542
G112.720+02.706-016.18,,112.72,2.706,1397,665,-161,-16.18,2.48,1.15,6.36,2.70E+21,29051.9,229,393,1.6,12.1476,1.053159032
G112.726-03.147-039.79,,112.726,-3.147,163,68,54,-39.79,0.8,3.14,1.85,5.50E+20,460.9,42.8,252,3,3.5335,0.3397287201
G112.744-02.040-046.58,,112.744,-2.04,123,63,64,-46.58,1.25,3.71,1.82,7.70E+20,614.6,59,354,5.3,3.4762,0.5308261252
G112.753-01.821-046.30,,112.753,-1.821,109,99,179,-46.3,2.06,3.68,2.14,2.10E+21,3635.8,252,1284,2.9,4.0874,0.8748014543
G112.765+04.331-009.78,,112.765,4.331,303,264,60,-9.78,1.78,0.71,1.14,4.70E+20,71,17.4,166,59.3,2.1774,0.7558964023
G112.775+03.859-050.11,,112.775,3.859,343,80,131,-50.11,1.48,4,3.77,6.70E+20,1928,43.1,124,5,7.2007,0.6284981322
G112.781+04.937-011.50,,112.781,4.937,608,186,123,-11.5,1.81,0.65,1.25,9.60E+20,294.1,60.2,527,16.1,2.3875,0.7686362293
G112.823+03.268-006.96,,112.823,3.268,229,149,65,-6.96,1.47,0.77,0.81,2.20E+21,426.3,206.5,2783,4.8,1.5471,0.6242515232
G112.835-00.839-044.62,,112.835,-0.839,187,59,93,-44.62,1,3.54,2.09,6.50E+20,459.2,33.5,175,5.3,3.9919,0.4246609001
G112.846-01.080-036.13,,112.846,-1.08,186,59,172,-36.13,0.43,2.83,1.67,2.90E+20,127.5,14.5,94,2.9,3.1897,0.1826041871
G112.898-01.205-047.36,,112.898,-1.205,114,36,161,-47.36,0.86,3.77,1.32,7.20E+20,323.5,59.4,492,3.5,2.5212,0.3652083741
G112.900-01.858+000.82,,112.9,-1.858,477,135,160,0.82,0.41,0.26,0.38,2.60E+20,3.6,7.8,224,20.8,0.7258,0.1741109691
G112.901+00.334-052.26,,112.901,0.334,201,114,105,-52.26,0.7,4.19,3.6,1.20E+21,3714.5,91.2,276,0.6,6.876,0.2972626301
G112.908-01.755-034.24,,112.908,-1.755,125,94,154,-34.24,1.34,2.67,1.64,1.60E+21,1245.9,148.3,990,2.8,3.1324,0.5690456062
G113.008+05.155-046.39,,113.008,5.155,148,66,67,-46.39,1.52,3.66,2.03,9.80E+20,763.3,59.2,319,7.1,3.8773,0.6454845682
G113.034-01.537-030.19,,113.034,-1.537,474,186,-174,-30.19,1.5,2.33,3.94,1.50E+21,5544.3,113.6,314,1.9,7.5254,0.6369913502
G113.048+03.367-020.69,,113.048,3.367,167,129,127,-20.69,0.65,0.77,0.64,7.20E+20,67,51.9,885,4.8,1.2224,0.2760295851
G113.053-00.224-050.33,,113.053,-0.224,210,132,81,-50.33,0.76,4.02,3.8,4.70E+20,770.3,17,48,3.3,7.258,0.3227422841
G113.155-03.248+003.14,,113.155,-3.248,233,83,61,3.14,0.65,0.21,0.16,3.30E+20,1.4,16.9,1137,57.3,0.3056,0.2760295851
G113.157+04.036-008.98,,113.157,4.036,241,187,147,-8.98,1.7,0.73,0.88,8.20E+20,76.1,31.2,387,38.8,1.6808,0.7219235302
G113.161+03.721-006.83,,113.161,3.721,458,209,46,-6.83,1.71,0.77,1.36,8.10E+20,217.9,37.4,300,21.1,2.5976,0.7261701392
G113.183-03.583-003.78,,113.183,-3.583,1372,433,64,-3.78,1.19,0.25,1.11,6.10E+20,88.7,23.1,228,20.4,2.1201,0.5053464712
G113.188-02.960-036.51,,113.188,-2.96,162,73,128,-36.51,1.31,2.84,1.73,4.80E+20,192.1,20.4,128,17.8,3.3043,0.5563057792
G113.193+03.490-063.45,,113.193,3.49,225,97,173,-63.45,1.11,5.19,4.36,3.90E+20,892.6,15,37,6.9,8.3276,0.4713735992
G113.241+00.603-060.88,,113.241,0.603,191,85,-173,-60.88,0.7,4.96,3.58,6.20E+20,1879,46.7,142,1.1,6.8378,0.2972626301
G113.245-00.197-004.43,,113.245,-0.197,122,96,-155,-4.43,1.02,0.27,0.17,3.10E+20,1.1,13,854,178,0.3247,0.4331541181
G113.283+00.804-059.70,,113.283,0.804,138,52,120,-59.7,0.76,4.85,2.28,5.00E+20,592.6,36.4,174,2.6,4.3548,0.3227422841
G113.290-00.734-038.53,,113.29,-0.734,1828,538,174,-38.53,5.39,3.01,17.05,1.40E+21,54894.7,60.1,38,10.4,32.5655,2.288922252
G113.290-00.430-004.07,,113.29,-0.43,211,89,-153,-4.07,0.7,0.34,0.27,4.70E+20,5.3,23.8,972,28.6,0.5157,0.2972626301
G113.292+03.424-007.51,,113.292,3.424,159,126,-138,-7.51,1.59,0.77,0.62,6.60E+20,43.5,36.2,640,41.5,1.1842,0.6752108312
G113.296+03.315-060.15,,113.296,3.315,140,54,-164,-60.15,1.12,4.87,2.37,4.60E+20,364.4,20.6,95,9.5,4.5267,0.4756202082
G113.305-01.218-001.14,,113.305,-1.218,1094,829,133,-1.14,2.16,0.26,1.41,5.20E+20,112.9,18.2,141,67.1,2.6931,0.9172675443
G113.313+01.684+000.55,,113.313,1.684,450,174,-157,0.55,1.18,0.31,0.49,6.00E+20,18.5,24.5,547,43,0.9359,0.5010998622
G113.342+01.792-016.17,,113.342,1.792,130,69,-140,-16.17,1.59,0.82,0.43,7.20E+20,27.9,47.5,1198,45.6,0.8213,0.6752108312
G113.350+00.980-011.71,,113.35,0.98,133,78,163,-11.71,1.09,0.87,0.49,3.70E+20,14.3,18.7,414,47.4,0.9359,0.4628803812
G113.357+01.349-011.88,,113.357,1.349,89,35,178,-11.88,1.16,0.77,0.23,5.10E+20,8.6,51.6,2440,41.6,0.4393,0.4926066442
G113.369-00.760-037.79,,113.369,-0.76,116,45,177,-37.79,0.81,2.94,1.17,3.90E+20,106.9,25,234,8.3,2.2347,0.3439753291
G113.387+03.285-068.62,,113.387,3.285,173,76,92,-68.62,0.73,5.68,3.67,4.10E+20,768.8,18.1,53,3,7.0097,0.3100024571
G113.441+03.940-008.77,,113.441,3.94,242,136,66,-8.77,0.77,0.82,0.84,6.40E+20,81.9,36.6,474,7.1,1.6044,0.3269888931
G113.442+01.175-012.61,,113.442,1.175,334,201,-166,-12.61,1.15,0.82,1.21,6.40E+20,166.4,36.4,329,11.1,2.3111,0.4883600352
G113.452+00.942-059.11,,113.452,0.942,208,87,156,-59.11,0.86,4.78,3.63,1.00E+21,3814.1,91.9,276,0.8,6.9333,0.3652083741
G113.477+00.371+000.48,,113.477,0.371,452,226,67,0.48,0.94,0.28,0.51,4.40E+20,18.1,21.8,463,28.9,0.9741,0.3991812461
G113.501+00.528-050.79,,113.501,0.528,132,85,126,-50.79,1.62,4.04,2.4,1.30E+21,1913.5,105.4,478,3.8,4.584,0.6879506582
G113.526+01.873-052.11,,113.526,1.873,106,52,49,-52.11,0.81,4.15,1.69,6.60E+20,459.2,51.1,330,2.8,3.2279,0.3439753291
G113.527-01.186+001.43,,113.527,-1.186,270,166,179,1.43,0.54,0.31,0.37,3.20E+20,7.3,17,502,17.4,0.7067,0.2293168861
G113.553-01.701-031.52,,113.553,-1.701,699,230,146,-31.52,1.57,2.42,5.54,9.80E+20,4558.6,47.2,93,3.5,10.5814,0.6667176132
G113.576-01.970-038.20,,113.576,-1.97,126,79,111,-38.2,1.28,2.97,1.66,1.00E+21,670.2,77.4,509,4.7,3.1706,0.5435659522
G113.590+04.622-009.27,,113.59,4.622,1272,532,-150,-9.27,2.29,0.65,3.05,1.20E+21,1868.5,63.9,228,9.9,5.8255,0.9724734613
G113.610+00.591-011.99,,113.61,0.591,419,213,132,-11.99,1.1,0.71,1.21,6.50E+20,176.5,38.6,348,9.6,2.3111,0.4671269902
G113.621-03.020-003.54,,113.621,-3.02,239,72,46,-3.54,0.56,0.26,0.2,2.80E+20,1.4,11.6,648,50.7,0.382,0.2378101041
G113.623-01.949-058.83,,113.623,-1.949,181,41,-156,-58.83,1.16,4.75,2.29,4.30E+20,372.1,22.6,107,9.6,4.3739,0.4926066442
G113.658+00.923-075.52,,113.658,0.923,231,65,-164,-75.52,0.57,6.39,4.41,4.70E+20,1585.1,25.9,64,1,8.4231,0.2420567131
G113.695+00.230-012.45,,113.695,0.23,204,139,127,-12.45,0.79,0.92,0.88,4.70E+20,57.3,23.7,295,11.1,1.6808,0.3354821111
G113.697-03.376-004.81,,113.697,-3.376,179,142,171,-4.81,0.67,0.21,0.19,5.40E+20,4.5,42,2470,21.5,0.3629,0.2845228031
G113.702-02.870-005.02,,113.702,-2.87,165,107,169,-5.02,1.66,0.24,0.18,3.40E+20,1.8,16.7,995,330,0.3438,0.7049370942
G113.716+02.822-052.99,,113.716,2.822,243,70,-154,-52.99,0.64,4.21,3.12,9.30E+20,2156.4,70.5,246,0.7,5.9592,0.2717829761
G113.776-01.146-007.48,,113.776,-1.146,132,102,135,-7.48,0.6,0.26,0.17,3.20E+20,1.2,14,904,56.9,0.3247,0.2547965401
G113.847-01.088-041.76,,113.847,-1.088,140,43,177,-41.76,0.88,3.25,1.4,7.40E+20,311.9,50.9,398,4.1,2.674,0.3737015921
G113.881-00.176-038.32,,113.881,-0.176,336,108,153,-38.32,0.96,2.96,3.21,1.60E+21,4381.6,135.3,460,0.8,6.1311,0.4076744641
G113.889+02.598-017.20,,113.889,2.598,278,193,124,-17.2,1.26,0.79,1.05,6.50E+20,122.4,35.5,369,15.7,2.0055,0.5350727342
G113.894+03.272-018.89,,113.894,3.272,179,48,165,-18.89,0.92,0.71,0.37,4.90E+20,14.4,34,1011,24.8,0.7067,0.3906880281
G113.895-03.474-009.91,,113.895,-3.474,172,63,-173,-9.91,0.38,0.22,0.13,5.40E+20,2.2,40.2,3360,9.9,0.2483,0.1613711421
G113.944-04.102-002.86,,113.944,-4.102,591,267,-168,-2.86,0.7,0.24,0.55,4.60E+20,20,20.8,411,15.9,1.0505,0.2972626301
G113.986+05.195-002.62,,113.986,5.195,339,179,170,-2.62,0.83,0.27,0.38,8.60E+20,23.6,50.9,1445,13,0.7258,0.3524685471
G114.002-00.082-015.91,,114.002,-0.082,260,203,-166,-15.91,0.84,0.92,1.2,6.00E+20,131.9,29.1,265,7.5,2.292,0.3567151561
G114.055+03.428-008.62,,114.055,3.428,697,463,49,-8.62,1.7,0.24,0.79,7.70E+20,59.1,30,414,45.1,1.5089,0.7219235302
G114.085-04.078-043.26,,114.085,-4.078,192,85,-174,-43.26,0.96,3.37,2.43,1.20E+21,1280.7,68.8,308,2,4.6413,0.4076744641
G114.087+02.400-010.35,,114.087,2.4,324,179,157,-10.35,1.4,0.79,1.09,1.10E+21,197.2,52.9,530,12.6,2.0819,0.5945252602
G114.088-00.067+008.78,,114.088,-0.067,198,142,132,8.78,1.27,0.29,0.28,4.60E+20,4.6,19.1,757,113.7,0.5348,0.5393193432
G114.110+01.978-051.44,,114.11,1.978,96,47,102,-51.44,0.9,4.07,1.49,5.00E+20,234.2,33.8,248,6,2.8459,0.3821948101
G114.117+02.546-067.67,,114.117,2.546,249,77,-156,-67.67,0.96,5.56,4.36,5.10E+20,2047.4,34.3,85,2.3,8.3276,0.4076744641
G114.131+04.630-002.39,,114.131,4.63,1030,340,107,-2.39,1.43,0.26,0.87,1.00E+21,133,55.5,693,15.6,1.6617,0.6072650872
G114.158+02.829-013.55,,114.158,2.829,458,142,159,-13.55,0.61,0.89,1.29,5.60E+20,135.1,25.7,216,4.1,2.4639,0.2590431491
G114.179+02.649-007.01,,114.179,2.649,164,108,168,-7.01,1.06,0.71,0.53,7.40E+20,29.3,32.9,675,23.8,1.0123,0.4501405542
G114.204-01.008-032.53,,114.204,-1.008,694,195,128,-32.53,1.49,2.48,5.21,1.40E+21,8974.2,105.4,221,1.5,9.9511,0.6327447412
G114.214+02.669-052.21,,114.214,2.669,295,148,115,-52.21,1.84,4.13,4.92,1.40E+21,7614.6,100.1,222,2.5,9.3972,0.7813760563
G114.225+01.351-055.42,,114.225,1.351,104,73,166,-55.42,1.22,4.42,2.14,6.90E+20,680.8,47.3,241,5.5,4.0874,0.5180862982
G114.253+00.338-054.01,,114.253,0.338,218,81,170,-54.01,1.76,4.29,3.22,2.30E+21,7885.9,241.4,817,1.5,6.1502,0.7474031843
G114.254+00.028-040.91,,114.254,0.028,182,75,147,-40.91,1.02,3.16,2.08,9.50E+20,906.4,66.9,351,2.8,3.9728,0.4331541181
G114.273+01.743-004.32,,114.273,1.743,404,205,133,-4.32,0.86,0.77,1.27,1.10E+21,399.5,79.3,684,2.7,2.4257,0.3652083741
G114.294+00.797-101.29,,114.294,0.797,262,139,-141,-101.29,0.87,9.51,10.34,6.70E+20,7876.3,23.4,24,1.1,19.7494,0.3694549831
G114.340+03.161-047.75,,114.34,3.161,121,30,-176,-47.75,2,3.73,1.21,3.70E+20,124.6,26.9,242,45,2.3111,0.8493218003
G114.343+03.157-014.97,,114.343,3.157,639,139,169,-14.97,0.89,0.82,1.39,5.00E+20,148.6,24.5,192,8.5,2.6549,0.3779482011
G114.400-01.146-015.09,,114.4,-1.146,324,121,173,-15.09,1.67,0.31,0.35,1.40E+21,45.8,121.5,3835,24.5,0.6685,0.7091837032
G114.423+01.009-007.28,,114.423,1.009,252,51,84,-7.28,0.91,0.71,0.45,8.60E+20,51.3,79.9,1932,8.4,0.8595,0.3864414191
G114.425+01.265-054.79,,114.425,1.265,376,71,-160,-54.79,1.05,4.35,4.04,5.20E+20,1368.6,26.7,72,3.8,7.7164,0.4458939452
G114.442+03.127-037.66,,114.442,3.127,162,64,158,-37.66,0.82,2.88,1.65,5.20E+20,272.7,32.1,212,4.7,3.1515,0.3482219381
G114.458+00.156-037.68,,114.458,0.156,103,88,151,-37.68,0.54,2.89,1.54,3.90E+20,137.9,18.5,131,3.8,2.9414,0.2293168861
G114.463-04.397-004.24,,114.463,-4.397,194,112,-149,-4.24,0.51,0.21,0.17,4.50E+20,2.4,26.4,1681,21.2,0.3247,0.2165770591
G114.467-00.851-047.04,,114.467,-0.851,324,208,129,-47.04,0.96,3.68,5.45,1.30E+21,4698.8,50.3,100,1.2,10.4095,0.4076744641
G114.478-01.812-003.31,,114.478,-1.812,183,62,-135,-3.31,0.39,0.31,0.18,2.40E+20,1.3,11.9,708,25,0.3438,0.1656177511
G114.487-00.763+006.72,,114.487,-0.763,299,194,100,6.72,2.38,0.31,0.42,4.60E+20,14.1,25.3,655,195.6,0.8022,1.010692942
G114.491+01.223-008.95,,114.491,1.223,117,92,160,-8.95,0.85,0.73,0.42,4.20E+20,12.4,22,569,28.5,0.8022,0.3609617651
G114.498-01.244-005.36,,114.498,-1.244,284,144,-179,-5.36,0.64,0.24,0.28,5.30E+20,8.7,35,1360,15.5,0.5348,0.2717829761
G114.503+03.555-002.61,,114.503,3.555,430,188,108,-2.61,0.76,0.32,0.51,4.80E+20,18,21.9,466,19.2,0.9741,0.3227422841
G114.530-02.913-010.71,,114.53,-2.913,275,195,179,-10.71,0.85,0.39,0.51,5.40E+20,24.4,29.8,638,17.6,0.9741,0.3609617651
G114.572-00.102-036.22,,114.572,-0.102,651,380,126,-36.22,1.72,2.76,7.84,1.10E+21,10514,54.5,75,2.6,14.9744,0.7304167482
G114.573+00.285-032.99,,114.573,0.285,163,70,138,-32.99,1.67,2.5,1.5,2.00E+21,1455.2,204.7,1486,3.3,2.865,0.7091837032
G114.576+04.565-078.64,,114.576,4.565,294,86,171,-78.64,1.22,6.67,6.02,4.50E+20,2993,26.3,47,3.4,11.4982,0.5180862982
G114.583-00.420-049.36,,114.583,-0.42,620,266,135,-49.36,1.43,3.87,8.96,2.10E+21,44960.2,178.2,217,0.5,17.1136,0.6072650872
G114.598-00.645-034.17,,114.598,-0.645,131,93,88,-34.17,0.94,2.6,1.62,5.50E+20,275.4,33.5,226,6,3.0942,0.3991812461
G114.615+03.526-011.64,,114.615,3.526,224,142,153,-11.64,0.74,0.37,0.37,8.20E+20,22.4,51.9,1529,10.4,0.7067,0.3142490661
G114.624-01.127-042.68,,114.624,-1.127,384,108,170,-42.68,1.1,3.3,3.83,7.70E+20,1758.6,38.2,109,3.1,7.3153,0.4671269902
G114.653-01.539-004.59,,114.653,-1.539,329,159,-155,-4.59,0.91,0.24,0.32,8.00E+20,18.5,58.2,1997,16.3,0.6112,0.3864414191
G114.661-02.224-046.34,,114.661,-2.224,143,81,-166,-46.34,0.9,3.61,2.18,2.30E+21,3400.1,227.1,1136,0.6,4.1638,0.3821948101
G114.668+03.331-069.13,,114.668,3.331,1090,184,156,-69.13,1.3,5.69,14.54,7.10E+20,13973.5,21,15,2,27.7714,0.5520591702
G114.673+02.989-000.54,,114.673,2.989,447,362,91,-0.54,1.03,0.27,0.63,4.90E+20,28.8,23.1,401,27.1,1.2033,0.4374007271
G114.696+04.114+004.40,,114.696,4.114,412,276,52,4.4,1.09,0.24,0.47,7.90E+20,31.6,45.6,1061,20.6,0.8977,0.4628803812
G114.708+00.934-008.43,,114.708,0.934,315,126,112,-8.43,0.64,0.65,0.74,4.10E+20,30.5,17.9,264,11.6,1.4134,0.2717829761
G114.715+01.089-013.33,,114.715,1.089,1691,949,-165,-13.33,1.84,0.77,5.58,1.20E+21,5829.3,59.5,116,3.7,10.6578,0.7813760563
G114.737-02.893-045.34,,114.737,-2.893,110,83,88,-45.34,0.89,3.52,1.87,9.10E+20,699,63.4,369,2.5,3.5717,0.3779482011
G114.742+00.050-011.76,,114.742,0.05,380,189,136,-11.76,0.51,0.89,1.36,5.70E+20,154.5,26.5,212,2.7,2.5976,0.2165770591
G114.762+02.139-063.21,,114.762,2.139,1438,457,168,-63.21,2.47,5.11,23.66,7.20E+20,34411.4,19.6,9,4.8,45.1906,1.048912423
G114.768-00.593-014.40,,114.768,-0.593,194,128,-175,-14.4,1.99,0.92,0.82,9.70E+20,145.3,68.4,909,26.1,1.5662,0.8450751913
G114.771-00.318-035.76,,114.771,-0.318,125,67,144,-35.76,0.85,2.72,1.39,5.50E+20,209.3,34.4,269,5.6,2.6549,0.3609617651
G114.784+00.819+002.28,,114.784,0.819,1003,482,86,2.28,1.55,0.55,2.17,1.20E+21,1076.7,72.9,366,5.6,4.1447,0.6582243952
G114.795+05.015-002.93,,114.795,5.015,290,80,166,-2.93,0.91,0.23,0.2,5.10E+20,4.3,34.7,1900,44.5,0.382,0.3864414191
G114.807-01.065-015.08,,114.807,-1.065,401,233,-138,-15.08,2.39,0.29,0.51,9.70E+20,31.7,39.4,850,105.9,0.9741,1.014939551
G114.898+02.371+001.92,,114.898,2.371,214,118,157,1.92,0.52,0.33,0.29,4.90E+20,10.2,37.8,1408,9,0.5539,0.2208236681
G114.898+03.703-065.78,,114.898,3.703,287,35,177,-65.78,0.99,5.35,3.02,3.10E+20,448.1,15.7,56,7.7,5.7682,0.4204142911
G114.917+03.173-064.37,,114.917,3.173,311,97,145,-64.37,1.26,5.21,5.16,1.10E+21,6014.9,72,152,1.6,9.8556,0.5350727342
G114.951-04.169-035.74,,114.951,-4.169,153,53,138,-35.74,0.92,2.71,1.37,4.90E+20,148,25.3,202,9.1,2.6167,0.3906880281
G114.966+04.628-079.63,,114.966,4.628,418,85,176,-79.63,1.66,6.76,7.26,7.30E+20,6512.7,39.3,59,3.6,13.8666,0.7049370942
G114.967+02.539-015.58,,114.967,2.539,194,72,-171,-15.58,0.61,0.73,0.49,3.80E+20,17.9,24,540,11.8,0.9359,0.2590431491
G114.969+03.343-006.49,,114.969,3.343,198,74,53,-6.49,0.56,0.31,0.21,4.00E+20,3,21.7,1124,25.5,0.4011,0.2378101041
G115.059-01.121-004.46,,115.059,-1.121,568,475,-140,-4.46,1.26,0.27,0.81,7.30E+20,71.9,34.7,467,20.6,1.5471,0.5350727342
G115.063+02.975-005.04,,115.063,2.975,300,122,170,-5.04,0.77,0.73,0.79,5.80E+20,73.2,36.9,507,7.4,1.5089,0.3269888931
G115.082+00.985-007.84,,115.082,0.985,134,51,106,-7.84,0.76,0.97,0.45,5.70E+20,26.9,43.1,1055,11.2,0.8595,0.3227422841
G115.095+03.874-009.36,,115.095,3.874,358,163,176,-9.36,0.72,0.33,0.45,9.70E+20,43.4,68.9,1680,6.2,0.8595,0.3057558481
G115.128-01.020-044.11,,115.128,-1.02,437,55,174,-44.11,0.92,3.4,3,6.30E+20,1206.8,42.8,156,2.4,5.73,0.3906880281
G115.151+03.379-013.17,,115.151,3.379,443,330,-141,-13.17,1.84,0.73,1.59,8.20E+20,253.9,32,219,24.7,3.0369,0.7813760563
G115.166+00.888-006.51,,115.166,0.888,183,77,152,-6.51,0.97,0.61,0.41,3.90E+20,12.8,24.1,639,35.2,0.7831,0.4119210731
G115.169+03.572-016.70,,115.169,3.572,125,47,65,-16.7,0.96,0.73,0.31,7.50E+20,18.6,61.9,2186,17.6,0.5921,0.4076744641
G115.207+02.830-011.96,,115.207,2.83,734,132,-163,-11.96,0.99,0.92,1.63,1.20E+21,542.3,64.9,435,3.4,3.1133,0.4204142911
G115.232+02.691-011.33,,115.232,2.691,235,87,-156,-11.33,0.89,0.87,0.7,6.00E+20,59.1,38,590,10.9,1.337,0.3779482011
G115.265+03.616-061.27,,115.265,3.616,347,203,175,-61.27,0.91,4.91,7.42,8.30E+20,9818,56.8,83,0.7,14.1722,0.3864414191
G115.281+01.113-005.43,,115.281,1.113,150,87,47,-5.43,1.62,0.65,0.42,8.70E+20,52.4,95.6,2500,24.3,0.8022,0.6879506582
G115.333+04.084-022.93,,115.333,4.084,2103,1413,-166,-22.93,3.01,1.15,11.37,1.50E+21,30552.8,75.3,72,3.9,21.7167,1.278229309
G115.360-01.323-047.11,,115.36,-1.323,256,114,167,-47.11,1.82,3.65,3.54,8.90E+20,2539.5,64.5,198,5.4,6.7614,0.7728828383
G115.361-03.175-044.80,,115.361,-3.175,115,42,-176,-44.8,0.66,3.45,1.31,9.80E+20,440.1,81.2,675,1.5,2.5021,0.2802761941
G115.366+03.590-068.92,,115.366,3.59,170,94,169,-68.92,0.73,5.64,4.02,3.70E+20,765,15,40,3.3,7.6782,0.3100024571
G115.370-00.696-054.04,,115.37,-0.696,208,67,166,-54.04,0.53,4.26,2.84,8.20E+20,1365.4,54,207,0.7,5.4244,0.2250702771
G115.426+03.142-021.40,,115.426,3.142,336,250,-171,-21.4,0.99,0.69,1.14,5.70E+20,100.4,24.7,236,13,2.1774,0.4204142911
G115.502+01.840-008.32,,115.502,1.84,2475,1036,-170,-8.32,2.67,0.77,7.06,1.80E+21,17659.3,112.9,174,3.3,13.4846,1.133844603
G115.517+02.528-053.60,,115.517,2.528,265,121,95,-53.6,0.74,4.2,4.27,5.20E+20,1800.3,31.5,80,1.5,8.1557,0.3142490661
G115.538+00.268-046.82,,115.538,0.268,168,119,129,-46.82,1.47,3.62,2.9,7.60E+20,1325.1,50.2,188,5.5,5.539,0.6242515232
G115.584-02.721-001.96,,115.584,-2.721,2708,2279,119,-1.96,1.56,0.33,4.62,1.00E+21,3113.8,46.5,110,4.2,8.8242,0.6624710042
G115.639+01.167-003.72,,115.639,1.167,325,101,141,-3.72,1.13,0.32,0.33,4.00E+20,3.8,11.5,384,125.4,0.6303,0.4798668172
G115.666-01.609-040.66,,115.666,-1.609,1433,431,-179,-40.66,2.16,3.09,13.87,2.20E+21,68474.3,113.3,89,1.1,26.4917,0.9172675443
G115.682-01.364-043.20,,115.682,-1.364,91,49,127,-43.2,1.67,3.31,1.2,4.10E+20,110.9,24.4,222,35,2.292,0.7091837032
G115.696+03.706-003.70,,115.696,3.706,2606,719,99,-3.7,1.71,0.31,2.4,1.30E+21,715,39.5,179,11.3,4.584,0.7261701392
G115.718+00.288-047.01,,115.718,0.288,148,66,119,-47.01,0.86,3.63,2.01,7.20E+20,519.4,41,222,3.3,3.8391,0.3652083741
G115.735+03.150-062.72,,115.735,3.15,158,112,111,-62.72,2.18,5.03,3.78,6.80E+20,2013.2,44.9,129,10.3,7.2198,0.9257607623
G115.758+02.553-014.31,,115.758,2.553,209,127,51,-14.31,1.73,0.77,0.71,7.60E+20,88.5,55.2,843,28.1,1.3561,0.7346633572
G115.778+05.105-014.69,,115.778,5.105,419,281,-171,-14.69,0.81,0.71,1.39,8.00E+20,265.5,44,346,4,2.6549,0.3439753291
G115.794+00.099-041.50,,115.794,0.099,139,74,-145,-41.5,0.88,3.16,1.8,4.50E+20,249,24.4,147,6.4,3.438,0.3737015921
G115.805+03.792-067.11,,115.805,3.792,283,208,95,-67.11,0.9,5.45,7.52,7.10E+20,7939.5,44.6,64,0.9,14.3632,0.3821948101
G115.815-02.267-010.27,,115.815,-2.267,135,97,65,-10.27,0.9,0.31,0.2,5.70E+20,4.1,33.4,1841,44.7,0.382,0.3821948101
G115.826-01.591-049.03,,115.826,-1.591,201,46,158,-49.03,1.1,3.8,2.04,4.40E+20,290.6,22.3,119,9.8,3.8964,0.4671269902
G115.848+00.583-058.02,,115.848,0.583,185,120,60,-58.02,1.02,4.6,3.89,4.60E+20,1156.9,24.3,68,4,7.4299,0.4331541181
G115.897+03.369-015.07,,115.897,3.369,208,78,175,-15.07,1.28,0.79,0.57,5.60E+20,34.7,33.7,642,31.5,1.0887,0.5435659522
G115.899-00.559-004.76,,115.899,-0.559,1039,768,157,-4.76,1.56,0.31,1.57,6.60E+20,221.9,28.7,200,20,2.9987,0.6624710042
G116.009+03.208-064.66,,116.009,3.208,208,117,117,-64.66,1.05,5.21,4.61,5.10E+20,1520.5,22.7,53,3.9,8.8051,0.4458939452
G116.034+00.827-059.54,,116.034,0.827,150,36,176,-59.54,0.56,4.74,1.92,4.00E+20,361.7,31.3,177,1.9,3.6672,0.2378101041
G116.041+02.601-010.13,,116.041,2.601,261,95,167,-10.13,0.54,0.77,0.69,4.00E+20,31.5,21,332,7.3,1.3179,0.2293168861
G116.071+04.208-068.16,,116.071,4.208,213,137,79,-68.16,0.81,5.55,5.39,7.70E+20,4838.8,52.9,107,0.8,10.2949,0.3439753291
G116.071+03.242-012.15,,116.071,3.242,216,57,-161,-12.15,1.17,0.87,0.54,4.00E+20,21.7,23.7,481,39.7,1.0314,0.4968532532
G116.082+00.913+000.42,,116.082,0.913,471,238,157,0.42,0.99,0.26,0.49,6.10E+20,23.7,30.9,683,23.8,0.9359,0.4204142911
G116.139+04.542-077.95,,116.139,4.542,189,58,-154,-77.95,0.88,6.56,3.85,4.50E+20,1188.5,25.5,72,2.9,7.3535,0.3737015921
G116.140+03.494-069.05,,116.14,3.494,239,100,90,-69.05,0.8,5.64,4.96,4.60E+20,1714.3,22.2,48,2.1,9.4736,0.3397287201
G116.164-00.670-044.88,,116.164,-0.67,500,121,158,-44.88,1.28,3.43,4.82,1.30E+21,6878.1,94.3,213,1.3,9.2062,0.5435659522
G116.195-05.146-001.97,,116.195,-5.146,220,160,80,-1.97,0.59,0.26,0.28,7.90E+20,11.8,49.6,1966,9.5,0.5348,0.2505499311
G116.205-04.604-005.92,,116.205,-4.604,183,51,-153,-5.92,0.68,0.24,0.13,3.40E+20,0.8,14.8,1230,86.1,0.2483,0.2887694121
G116.299+01.663-042.71,,116.299,1.663,238,60,116,-42.71,0.87,3.24,2.19,1.60E+21,1638.6,109,544,1.2,4.1829,0.3694549831
G116.339+00.652-045.84,,116.339,0.652,184,82,129,-45.84,1.48,3.51,2.44,2.70E+21,5073.7,272,1219,1.2,4.6604,0.6284981322
G116.342+03.167-010.59,,116.342,3.167,595,346,50,-10.59,3.61,0.73,1.89,6.30E+20,326.4,29.2,169,87.4,3.6099,1.53302585
G116.363+04.525-013.22,,116.363,4.525,166,96,116,-13.22,0.53,0.69,0.49,7.50E+20,39.2,51.8,1154,4.1,0.9359,0.2250702771
G116.376+04.361-000.90,,116.376,4.361,116,67,82,-0.9,0.93,0.27,0.13,3.80E+20,1.9,32.6,2646,72.5,0.2483,0.3949346371
G116.430-04.489-001.53,,116.43,-4.489,301,132,155,-1.53,1,0.24,0.28,6.40E+20,10.6,43.7,1720,30.2,0.5348,0.4246609001
G116.431+03.408-064.26,,116.431,3.408,130,103,109,-64.26,0.77,5.16,3.36,6.00E+20,1007.8,28.5,92,2.3,6.4176,0.3269888931
G116.451+00.489-004.56,,116.451,0.489,669,358,-165,-4.56,1.54,0.27,0.74,6.80E+20,61.1,35.2,517,33.6,1.4134,0.6539777862
G116.498-00.473-043.98,,116.498,-0.473,178,130,133,-43.98,0.66,3.34,2.88,7.30E+20,1349.6,51.9,196,1.1,5.5008,0.2802761941
G116.506+04.005-079.95,,116.506,4.005,163,55,167,-79.95,0.6,6.79,3.6,3.50E+20,752,18.5,56,2,6.876,0.2547965401
G116.594+02.428-005.98,,116.594,2.428,389,247,-162,-5.98,0.67,0.33,0.58,4.20E+20,16.7,16.1,305,18.1,1.1078,0.2845228031
G116.610-01.665-045.41,,116.61,-1.665,157,63,-160,-45.41,0.87,3.46,1.93,5.70E+20,428.3,36.6,207,3.9,3.6863,0.3694549831
G116.632+03.481-018.88,,116.632,3.481,147,53,-168,-18.88,0.64,0.97,0.48,4.70E+20,19.3,27.1,620,11.6,0.9168,0.2717829761
G116.666-04.810-049.17,,116.666,-4.81,166,54,-165,-49.17,1.23,3.78,2.01,6.30E+20,463.3,36.5,198,7.6,3.8391,0.5223329072
G116.703+04.328-038.01,,116.703,4.328,351,198,46,-38.01,1.11,2.82,4.24,8.40E+20,3169.7,56.1,144,1.9,8.0984,0.4713735992
G116.727-00.864-000.38,,116.727,-0.864,146,87,169,-0.38,0.44,0.26,0.16,3.00E+20,1.2,14.2,942,30.1,0.3056,0.1868507961
G116.736-00.287-043.34,,116.736,-0.287,342,130,137,-43.34,1.01,3.28,3.94,1.10E+21,3478.4,71.2,197,1.3,7.5254,0.4289075091
G116.737+02.821-006.98,,116.737,2.821,181,146,-157,-6.98,0.76,0.31,0.28,4.90E+20,8.1,31.9,1226,23.8,0.5348,0.3227422841
G116.760-03.503-038.59,,116.76,-3.503,351,240,-145,-38.59,0.91,2.89,4.78,7.80E+20,3246.1,45.2,103,1.4,9.1298,0.3864414191
G116.764+00.838-054.73,,116.764,0.838,92,63,-152,-54.73,0.92,4.27,1.79,3.60E+20,226.6,22.5,137,7.8,3.4189,0.3906880281
G116.801-03.125-036.62,,116.801,-3.125,1758,538,-165,-36.62,1.33,2.72,15.1,1.10E+21,27638.8,38.6,27,1.1,28.841,0.5647989972
G116.906+02.134-070.07,,116.906,2.134,157,47,67,-70.07,0.83,5.74,2.74,3.60E+20,444.8,18.8,75,4.9,5.2334,0.3524685471
G116.925-00.814+000.68,,116.925,-0.814,254,52,149,0.68,0.91,0.21,0.13,3.20E+20,0.9,16.9,1393,136.9,0.2483,0.3864414191
G116.956+01.356-013.34,,116.956,1.356,195,48,156,-13.34,0.72,0.33,0.18,3.20E+20,1.4,14.4,893,75.3,0.3438,0.3057558481
G116.961+01.718-013.59,,116.961,1.718,151,61,-148,-13.59,2.09,0.58,0.31,6.00E+20,12.4,40.8,1435,127.4,0.5921,0.8875412813
G116.999+03.702-005.65,,116.999,3.702,589,341,-152,-5.65,3.34,0.73,1.86,1.00E+21,753.4,69.1,404,31.9,3.5526,1.418367406
G117.005-02.268-043.13,,117.005,-2.268,618,335,-166,-43.13,3.1,3.26,8.46,1.80E+21,26795.4,119.1,153,3.5,16.1586,1.31644879
G117.019+00.882-056.56,,117.019,0.882,205,104,107,-56.56,1.18,4.43,3.67,5.90E+20,1771.5,41.9,124,3.3,7.0097,0.5010998622
G117.102+00.024-042.31,,117.102,0.024,161,105,133,-42.31,1.19,3.18,2.34,6.10E+20,615.1,35.9,167,6.3,4.4694,0.5053464712
G117.141+04.004-008.83,,117.141,4.004,185,97,129,-8.83,0.71,0.29,0.22,3.70E+20,2.9,19.4,965,43.7,0.4202,0.3015092391
G117.160+05.060-072.64,,117.16,5.06,569,125,169,-72.64,1.04,5.97,9.07,6.60E+20,8939.1,34.6,41,1.3,17.3237,0.4416473361
G117.161+02.477-010.28,,117.161,2.477,136,49,49,-10.28,0.7,0.71,0.32,3.60E+20,6.7,20.6,700,27.1,0.6112,0.2972626301
G117.165+00.674-002.37,,117.165,0.674,224,91,159,-2.37,1.18,0.23,0.19,6.40E+20,4.9,44.4,2603,62.4,0.3629,0.5010998622
G117.269-00.106-001.98,,117.269,-0.106,234,118,-155,-1.98,0.61,0.26,0.24,4.60E+20,4,21.3,954,26.9,0.4584,0.2590431491
G117.277+04.904-015.35,,117.277,4.904,136,50,-143,-15.35,0.78,0.87,0.4,1.00E+21,44.1,88.2,2414,6.3,0.764,0.3312355021
G117.278+01.756+001.52,,117.278,1.756,274,92,-169,1.52,0.99,0.29,0.26,6.60E+20,9.9,46.5,1945,29.7,0.4966,0.4204142911
G117.303+00.529-002.57,,117.303,0.529,194,134,117,-2.57,2.43,0.22,0.2,5.40E+20,3.9,31.7,1739,345.2,0.382,1.031925987
G117.305+01.690-058.24,,117.305,1.69,155,95,86,-58.24,1.32,4.58,3.14,7.50E+20,1013.6,32.7,113,6.3,5.9974,0.5605523882
G117.317+03.169-002.81,,117.317,3.169,316,137,150,-2.81,1.3,0.32,0.37,5.20E+20,14.3,32.5,947,51.4,0.7067,0.5520591702
G117.371+02.145-006.77,,117.371,2.145,122,97,159,-6.77,1.17,0.52,0.32,3.00E+20,3.7,11.6,401,136.5,0.6112,0.4968532532
G117.411+02.497-005.20,,117.411,2.497,1285,607,-144,-5.2,1.6,0.32,1.6,9.70E+20,406.2,50.8,347,11.6,3.056,0.6794574402
G117.423+01.079-059.81,,117.423,1.079,348,170,113,-59.81,2.2,4.72,6.54,1.00E+21,9385.9,69.9,116,3.9,12.4914,0.9342539803
G117.451-00.107-046.63,,117.451,-0.107,1037,276,150,-46.63,1.42,3.54,10.81,9.70E+20,18488.2,50.4,50,1.4,20.6471,0.6030184782
G117.454+01.649+000.35,,117.454,1.649,198,69,154,0.35,1.13,0.29,0.19,4.80E+20,2.9,25.7,1474,95.5,0.3629,0.4798668172
G117.541-00.573+000.79,,117.541,-0.573,1038,487,166,0.79,1.12,0.26,1.05,7.50E+20,123.7,35.7,372,12.3,2.0055,0.4756202082
G117.558+00.389-052.00,,117.558,0.389,193,61,172,-52,0.66,4.01,2.44,6.40E+20,835.7,44.7,200,1.5,4.6604,0.2802761941
G117.597+02.308-044.88,,117.597,2.308,187,76,122,-44.88,1.52,3.38,2.27,2.70E+21,4704.4,290.1,1394,1.3,4.3357,0.6454845682
G117.684+04.450-001.00,,117.684,4.45,199,60,-166,-1,0.43,0.55,0.34,3.00E+20,6.6,18.5,603,11.1,0.6494,0.1826041871
G117.704+04.328-006.72,,117.704,4.328,4721,1919,-161,-6.72,1.68,0.67,11.48,1.60E+21,25039.5,60.4,57,1.5,21.9268,0.7134303122
G117.723+00.671-016.03,,117.723,0.671,233,125,158,-16.03,0.74,0.24,0.24,6.20E+20,4,23,1061,37.1,0.4584,0.3142490661
G117.768-01.254+000.29,,117.768,-1.254,284,141,123,0.29,0.5,0.22,0.25,4.80E+20,6.4,32.9,1449,11.5,0.4775,0.2123304501
G117.809-04.420+001.66,,117.809,-4.42,125,45,171,1.66,0.47,0.22,0.09,2.70E+20,0.4,13.7,1646,67.2,0.1719,0.1995906231
G117.827+03.976-064.90,,117.827,3.976,160,81,-173,-64.9,1.2,5.19,3.32,4.60E+20,980.8,28.3,92,5.7,6.3412,0.5095930802
G117.832+00.353-050.30,,117.832,0.353,221,55,-177,-50.3,0.61,3.85,2.39,3.40E+20,272.1,15.2,69,3.7,4.5649,0.2590431491
G117.853-03.627-000.38,,117.853,-3.627,439,340,-174,-0.38,0.86,0.26,0.57,1.60E+21,110.3,108,2069,4.4,1.0887,0.3652083741
G117.861+02.508-006.36,,117.861,2.508,164,49,172,-6.36,1.1,0.27,0.14,3.70E+20,1.4,24,1909,136.4,0.2674,0.4671269902
G117.879-03.006-037.25,,117.879,-3.006,302,59,-173,-37.25,0.77,2.74,2.07,6.60E+20,498.7,37.1,195,2.8,3.9537,0.3269888931
G117.882-04.082-038.73,,117.882,-4.082,253,84,-152,-38.73,0.98,2.86,2.37,6.70E+20,712.7,40.4,186,3.7,4.5267,0.4161676821
G117.912-03.255-038.52,,117.912,-3.255,918,481,136,-38.52,2.05,2.85,10.81,1.10E+21,16020.1,43.6,44,3.3,20.6471,0.8705548453
G117.929-02.911-007.76,,117.929,-2.911,176,69,49,-7.76,0.88,0.26,0.16,6.90E+20,3.8,46.9,3200,37.8,0.3056,0.3737015921
G118.000+01.896-060.90,,118,1.896,345,91,161,-60.9,1.08,4.81,4.85,7.20E+20,3478.7,47,105,1.9,9.2635,0.4586337722
G118.038-00.734+002.12,,118.038,-0.734,307,62,124,2.12,0.79,0.22,0.17,6.30E+20,3.6,39.6,2549,34.6,0.3247,0.3354821111
G118.041+03.952-064.92,,118.041,3.952,253,103,150,-64.92,0.9,5.19,4.75,8.20E+20,4588.3,64.6,148,1,9.0725,0.3821948101
G118.050+01.608-008.67,,118.05,1.608,687,265,80,-8.67,1.01,0.29,0.71,7.70E+20,73.5,46.9,724,11.4,1.3561,0.4289075091
G118.051+03.153-017.71,,118.051,3.153,2827,617,-176,-17.71,2.08,1.09,8.22,2.40E+21,37762.2,177.9,236,1.1,15.7002,0.8832946723
G118.104+03.734-038.38,,118.104,3.734,254,76,122,-38.38,0.62,2.82,2.22,1.10E+21,1395.1,90,442,0.7,4.2402,0.2632897581
G118.111+01.596-093.03,,118.111,1.596,333,121,130,-93.03,1.86,8.44,9.65,6.70E+20,10260.4,35.1,39,3.8,18.4315,0.7898692743
G118.163-00.778-035.78,,118.163,-0.778,221,104,163,-35.78,0.73,2.62,2.25,9.20E+20,1156.4,72.6,351,1.2,4.2975,0.3100024571
G118.178+02.054-072.69,,118.178,2.054,159,86,134,-72.69,0.55,6,3.97,3.10E+20,512.5,10.4,28,2.7,7.5827,0.2335634951
G118.205+04.190-032.61,,118.205,4.19,332,216,150,-32.61,2.06,2.34,3.57,5.60E+20,802.1,20,61,22,6.8187,0.8748014543
G118.228+02.777-062.17,,118.228,2.777,170,75,127,-62.17,0.69,4.92,3.13,3.80E+20,521.1,16.9,58,3.3,5.9783,0.2930160211
G118.235-01.601-034.73,,118.235,-1.601,252,91,-162,-34.73,0.9,2.53,2.17,1.50E+21,2048.2,138.6,698,1,4.1447,0.3821948101
G118.305-03.934-039.58,,118.305,-3.934,260,162,179,-39.58,0.83,2.92,3.4,7.60E+20,1814.5,49.8,159,1.5,6.494,0.3524685471
G118.332+02.017-072.04,,118.332,2.017,212,56,117,-72.04,0.82,5.93,3.64,4.30E+20,1113.2,26.8,80,2.5,6.9524,0.3482219381
G118.338-00.461-001.65,,118.338,-0.461,521,240,134,-1.65,0.89,0.29,0.59,4.70E+20,16.7,15.6,290,31.8,1.1269,0.3779482011
G118.386+03.725-047.42,,118.386,3.725,380,163,104,-47.42,0.88,3.57,5.07,4.90E+20,2005.1,24.9,53,2.3,9.6837,0.3737015921
G118.389-01.730-001.98,,118.389,-1.73,171,57,49,-1.98,0.64,0.21,0.11,3.10E+20,0.7,18.4,1770,72.2,0.2101,0.2717829761
G118.392+01.988-061.13,,118.392,1.988,174,91,161,-61.13,1.43,4.83,3.44,6.10E+20,1416.5,38.1,121,5.7,6.5704,0.6072650872
G118.400+02.487-070.63,,118.4,2.487,288,86,-179,-70.63,1.15,5.78,5.18,9.30E+20,3963.5,47.1,99,2,9.8938,0.4883600352
G118.447+03.018-010.33,,118.447,3.018,187,110,120,-10.33,0.51,0.33,0.26,3.40E+20,5.2,23.6,972,15.2,0.4966,0.2165770591
G118.449+01.199-060.65,,118.449,1.199,212,162,-145,-60.65,1.4,4.78,5.04,1.00E+21,6958.9,87.1,188,1.7,9.6264,0.5945252602
G118.503-04.198-006.39,,118.503,-4.198,215,131,-144,-6.39,0.58,0.26,0.25,3.90E+20,3.1,16.1,712,31.3,0.4775,0.2463033221
G118.516+02.219-071.21,,118.516,2.219,247,152,122,-71.21,1,5.84,6.44,6.40E+20,3922,30.1,51,1.9,12.3004,0.4246609001
G118.526-02.322-042.03,,118.526,-2.322,187,120,143,-42.03,1.06,3.12,2.64,9.70E+20,1132.7,51.5,212,3,5.0424,0.4501405542
G118.544+00.637-042.72,,118.544,0.637,144,26,120,-42.72,0.47,3.18,1.06,4.00E+20,115.2,32.4,332,2.3,2.0246,0.1995906231
G118.623-00.764-038.62,,118.623,-0.764,196,58,-164,-38.62,0.81,2.84,1.71,7.80E+20,416.5,45.6,291,3.1,3.2661,0.3439753291
G118.653-04.436-036.79,,118.653,-4.436,274,116,123,-36.79,0.77,2.68,2.71,1.40E+21,2658.3,115.1,463,0.7,5.1761,0.3269888931
G118.658-00.389-049.94,,118.658,-0.389,258,88,134,-49.94,1.06,3.8,3.24,1.50E+21,4125,124.7,419,1,6.1884,0.4501405542
G118.661-01.944-033.09,,118.661,-1.944,324,69,59,-33.09,0.99,2.39,2.02,6.20E+20,459.1,35.7,192,5,3.8582,0.4204142911
G118.691+01.839-063.94,,118.691,1.839,333,81,-157,-63.94,1.52,5.1,4.77,9.70E+20,3706.6,51.8,118,3.5,9.1107,0.6454845682
G118.708+02.879-067.07,,118.708,2.879,813,424,88,-67.07,3.11,5.4,18.1,9.10E+20,41878.6,40.7,24,4.8,34.571,1.320695399
G118.715-01.322-038.54,,118.715,-1.322,384,208,157,-38.54,1.04,2.83,4.57,1.80E+21,7443.2,113.7,271,0.8,8.7287,0.4416473361
G118.762-03.788-008.71,,118.762,-3.788,75,30,99,-8.71,1.29,0.24,0.06,6.80E+20,0.6,55.9,10166,182.7,0.1146,0.5478125612
G118.765-03.345-038.82,,118.765,-3.345,124,117,141,-38.82,0.88,2.85,1.94,7.10E+20,518.7,44.1,248,3.4,3.7054,0.3737015921
G118.788+00.204-001.09,,118.788,0.204,102,96,-153,-1.09,0.8,0.26,0.14,3.40E+20,1.3,20.7,1581,79.3,0.2674,0.3397287201
G118.793-03.993-006.43,,118.793,-3.993,203,40,140,-6.43,0.75,0.24,0.12,5.50E+20,1.5,32.2,2843,51.9,0.2292,0.3184956751
G118.858+03.319-047.44,,118.858,3.319,277,136,122,-47.44,0.6,3.56,3.92,8.60E+20,3144.2,65.1,181,0.5,7.4872,0.2547965401
G118.866+00.075-047.81,,118.866,0.075,296,177,118,-47.81,1.59,3.61,4.7,9.60E+20,4273.4,61.6,143,3.2,8.977,0.6752108312
G118.900+02.518-057.33,,118.9,2.518,169,104,122,-57.33,1.12,4.46,3.34,7.80E+20,2285.4,65.3,213,2.1,6.3794,0.4756202082
G118.949+01.896-035.85,,118.949,1.896,67,54,-153,-35.85,1.86,2.6,0.84,2.50E+21,958.4,431.8,5613,3.5,1.6044,0.7898692743
G119.002-01.842-048.82,,119.002,-1.842,163,55,-159,-48.82,0.67,3.69,1.95,1.10E+21,1060.7,88.5,494,1,3.7245,0.2845228031
G119.015-00.935-037.94,,119.015,-0.935,135,43,91,-37.94,2.09,2.77,1.17,6.40E+20,199.7,46.2,430,29.6,2.2347,0.8875412813
G119.019-02.757-029.52,,119.019,-2.757,148,59,-140,-29.52,0.76,2.09,1.09,5.40E+20,101.5,27.1,270,7.3,2.0819,0.3227422841
G119.049-01.592-049.64,,119.049,-1.592,242,213,82,-49.64,0.8,3.77,4.87,9.60E+20,3942.4,52.9,118,0.9,9.3017,0.3397287201
G119.133+02.445-058.53,,119.133,2.445,117,38,171,-58.53,0.77,4.56,1.66,3.00E+20,138.3,16,105,8.3,3.1706,0.3269888931
G119.154-00.949-049.05,,119.154,-0.949,132,63,139,-49.05,0.59,3.71,1.89,5.40E+20,397.1,35.3,204,1.9,3.6099,0.2505499311
G119.163-01.749-033.17,,119.163,-1.749,642,515,-170,-33.17,1.7,2.38,7.81,1.00E+21,5930.3,30.9,43,4.4,14.9171,0.7219235302
G119.168+04.264-033.71,,119.168,4.264,231,112,49,-33.71,0.78,2.41,2.2,9.60E+20,903.6,59.5,295,1.7,4.202,0.3312355021
G119.175+01.553-003.46,,119.175,1.553,1353,851,-148,-3.46,1.59,0.65,3.98,1.20E+21,3699.3,74.4,204,3.1,7.6018,0.6752108312
G119.176+03.265-064.82,,119.176,3.265,186,75,-179,-64.82,1.46,5.17,3.45,6.50E+20,1640.6,43.8,138,5.2,6.5895,0.6200049142
G119.179+04.385-001.05,,119.179,4.385,992,510,150,-1.05,1.51,0.31,1.25,9.20E+20,210,42.9,376,15.7,2.3875,0.6412379592
G119.183+01.950-035.40,,119.183,1.95,196,104,69,-35.4,0.65,2.55,2.06,9.10E+20,823.2,61.8,327,1.2,3.9346,0.2760295851
G119.206-00.600-033.82,,119.206,-0.6,233,52,163,-33.82,0.83,2.43,1.5,8.10E+20,366.2,51.6,374,3.3,2.865,0.3524685471
G119.212-00.848-031.94,,119.212,-0.848,352,173,119,-31.94,2.24,2.28,3.21,2.80E+21,5276.1,163.3,556,3.5,6.1311,0.9512404163
G119.219+02.773-046.43,,119.219,2.773,232,53,118,-46.43,0.54,3.47,2.16,5.70E+20,562.8,38.2,192,1.3,4.1256,0.2293168861
G119.261-01.663-033.80,,119.261,-1.663,117,106,56,-33.8,0.73,2.43,1.53,7.20E+20,373.8,50.9,364,2.5,2.9223,0.3100024571
G119.261-04.573-010.79,,119.261,-4.573,203,119,107,-10.79,1.07,0.32,0.28,8.90E+20,17,69.7,2734,21.8,0.5348,0.4543871632
G119.289+00.583-000.84,,119.289,0.583,283,168,-146,-0.84,0.58,0.26,0.32,3.90E+20,7.8,23.9,810,16.1,0.6112,0.2463033221
G119.292+02.777-070.62,,119.292,2.777,232,109,77,-70.62,1.19,5.77,5.2,4.60E+20,1764.8,20.8,43,4.9,9.932,0.5053464712
G119.295-01.400-054.50,,119.295,-1.4,124,89,-177,-54.5,1.29,4.2,2.48,3.80E+20,368.3,19.1,84,13,4.7368,0.5478125612
G119.304+01.502-061.51,,119.304,1.502,770,537,57,-61.51,1.3,4.85,17.81,8.00E+20,34475.5,34.6,21,1,34.0171,0.5520591702
G119.336+02.471-049.02,,119.336,2.471,154,56,-149,-49.02,0.75,3.7,1.92,6.00E+20,530.8,45.8,260,2.3,3.6672,0.3184956751
G119.344-00.093-048.72,,119.344,-0.093,258,121,55,-48.72,0.67,3.68,3.7,5.50E+20,852.1,19.8,58,2.3,7.067,0.2845228031
G119.393-01.451-035.30,,119.393,-1.451,377,156,71,-35.3,0.94,2.55,3.53,1.50E+21,4839,123.7,383,0.7,6.7423,0.3991812461
G119.431+04.063-068.69,,119.431,4.063,195,101,72,-68.69,0.99,5.55,4.42,4.10E+20,1158.7,18.9,46,4.3,8.4422,0.4204142911
G119.466-04.165-009.03,,119.466,-4.165,570,427,63,-9.03,1.81,0.29,0.82,6.60E+20,62.6,29.9,399,49.3,1.5662,0.7686362293
G119.482+00.562-052.02,,119.482,0.562,871,255,64,-52.02,2.13,3.97,10.68,1.20E+21,19282.8,53.8,55,2.9,20.3988,0.9045277173
G119.553-02.011-039.24,,119.553,-2.011,154,89,141,-39.24,1.48,2.87,1.89,1.50E+21,971.5,86.4,498,5,3.6099,0.6284981322
G119.570+04.094-006.51,,119.57,4.094,346,74,161,-6.51,0.75,0.35,0.32,4.00E+20,7.2,22.1,746,29.1,0.6112,0.3184956751
G119.578+03.230-046.53,,119.578,3.23,271,214,100,-46.53,0.96,3.47,4.77,1.60E+21,9115.7,127.8,292,0.6,9.1107,0.4076744641
G119.583-00.015-048.09,,119.583,-0.015,298,70,-175,-48.09,0.76,3.62,2.96,7.40E+20,1620.5,58.9,217,1.2,5.6536,0.3227422841
G119.606+02.926-065.96,,119.606,2.926,100,82,-157,-65.96,1.2,5.28,2.67,5.30E+20,848.4,37.9,155,5.2,5.0997,0.5095930802
G119.622-00.735-032.59,,119.622,-0.735,308,78,-168,-32.59,0.77,2.32,2.04,7.80E+20,576.7,44,235,2.5,3.8964,0.3269888931
G119.622+03.914-064.56,,119.622,3.914,123,53,165,-64.56,1.12,5.13,2.31,5.00E+20,515.4,30.7,144,6.5,4.4121,0.4756202082
G119.629-00.497-049.99,,119.629,-0.497,330,137,135,-49.99,1.25,3.78,4.58,1.50E+21,7444.2,112.7,268,1.1,8.7478,0.5308261252
G119.631+03.906-068.76,,119.631,3.906,371,64,-142,-68.76,0.68,5.56,4.86,4.40E+20,1477.4,19.9,44,1.8,9.2826,0.2887694121
G119.646+00.281-033.88,,119.646,0.281,71,32,125,-33.88,1.26,2.42,0.6,4.60E+20,49.3,43.6,793,22.3,1.146,0.5350727342
G119.649+04.700-015.25,,119.649,4.7,129,67,59,-15.25,0.58,0.33,0.17,4.60E+20,2.1,23.3,1498,32,0.3247,0.2463033221
G119.656-03.769-017.91,,119.656,-3.769,329,140,100,-17.91,0.77,1.12,1.37,4.00E+20,67.9,11.5,91,13.8,2.6167,0.3269888931
G119.662+02.129-062.31,,119.662,2.129,116,38,77,-62.31,1.27,4.92,1.79,4.90E+20,326.6,32.4,197,10.3,3.4189,0.5393193432
G119.673+03.834-013.99,,119.673,3.834,268,119,149,-13.99,0.74,1.03,1.05,9.60E+20,250.8,73,762,2.7,2.0055,0.3142490661
G119.697+01.427-061.95,,119.697,1.427,130,112,71,-61.95,1.12,4.89,3.32,6.60E+20,1335.2,38.5,126,3.6,6.3412,0.4756202082
G119.722+02.966-068.15,,119.722,2.966,165,81,64,-68.15,1.01,5.5,3.59,8.50E+20,2139,52.7,160,2,6.8569,0.4289075091